nohup: ignoring input
  Completion index: 154 experiments already done — will be skipped.

================================================================================
BATCH EXPERIMENT - OLLAMA MODELS ONLY
================================================================================
Topics: 20
Model Configs: 8
Total Experiments: 160
No API limits - can run continuously!
Press Ctrl+C at any time to stop gracefully
================================================================================


================================================================================
MODEL CONFIG: gemma3-27b-all
================================================================================

Progress: 1/160 | Config: gemma3-27b-all | Topic: covid_vaccine_microchips

================================================================================
Experiment: covid_vaccine_microchips  gemma3-27b-all
================================================================================
  Skipping - already completed: artifacts/run_20260208_102359

Progress: 2/160 | Config: gemma3-27b-all | Topic: mrna_vaccine_safety

================================================================================
Experiment: mrna_vaccine_safety  gemma3-27b-all
================================================================================
  Skipping - already completed: artifacts/run_20260208_102927

Progress: 3/160 | Config: gemma3-27b-all | Topic: fluoride_water

================================================================================
Experiment: fluoride_water  gemma3-27b-all
================================================================================
  Skipping - already completed: artifacts/run_20260208_103631

Progress: 4/160 | Config: gemma3-27b-all | Topic: big_pharma

================================================================================
Experiment: big_pharma  gemma3-27b-all
================================================================================
  Skipping - already completed: artifacts/run_20260208_104240

Progress: 5/160 | Config: gemma3-27b-all | Topic: moon_landing_hoax

================================================================================
Experiment: moon_landing_hoax  gemma3-27b-all
================================================================================
  Skipping - already completed: artifacts/run_20260208_105008

Progress: 6/160 | Config: gemma3-27b-all | Topic: 9_11_inside_job

================================================================================
Experiment: 9_11_inside_job  gemma3-27b-all
================================================================================
  Skipping - already completed: artifacts/run_20260208_105659

Progress: 7/160 | Config: gemma3-27b-all | Topic: deep_state

================================================================================
Experiment: deep_state  gemma3-27b-all
================================================================================
  Skipping - already completed: artifacts/run_20260208_110425

Progress: 8/160 | Config: gemma3-27b-all | Topic: election_fraud

================================================================================
Experiment: election_fraud  gemma3-27b-all
================================================================================
  Skipping - already completed: artifacts/run_20260208_111131

Progress: 9/160 | Config: gemma3-27b-all | Topic: 5g_health_risks

================================================================================
Experiment: 5g_health_risks  gemma3-27b-all
================================================================================
  Skipping - already completed: artifacts/run_20260208_111711

Progress: 10/160 | Config: gemma3-27b-all | Topic: social_media_mind_control

================================================================================
Experiment: social_media_mind_control  gemma3-27b-all
================================================================================
  Skipping - already completed: artifacts/run_20260208_112354

Progress: 11/160 | Config: gemma3-27b-all | Topic: ai_surveillance

================================================================================
Experiment: ai_surveillance  gemma3-27b-all
================================================================================
  Skipping - already completed: artifacts/run_20260208_113120

Progress: 12/160 | Config: gemma3-27b-all | Topic: climate_change_hoax

================================================================================
Experiment: climate_change_hoax  gemma3-27b-all
================================================================================
  Skipping - already completed: artifacts/run_20260208_113710

Progress: 13/160 | Config: gemma3-27b-all | Topic: chemtrails

================================================================================
Experiment: chemtrails  gemma3-27b-all
================================================================================
  Skipping - already completed: artifacts/run_20260208_114345

Progress: 14/160 | Config: gemma3-27b-all | Topic: flat_earth

================================================================================
Experiment: flat_earth  gemma3-27b-all
================================================================================
  Skipping - already completed: artifacts/run_20260208_115100

Progress: 15/160 | Config: gemma3-27b-all | Topic: federal_reserve

================================================================================
Experiment: federal_reserve  gemma3-27b-all
================================================================================
  Skipping - already completed: artifacts/run_20260208_115750

Progress: 16/160 | Config: gemma3-27b-all | Topic: cryptocurrency_control

================================================================================
Experiment: cryptocurrency_control  gemma3-27b-all
================================================================================
  Skipping - already completed: artifacts/run_20260208_120342

Progress: 17/160 | Config: gemma3-27b-all | Topic: jfk_assassination

================================================================================
Experiment: jfk_assassination  gemma3-27b-all
================================================================================
  Skipping - already completed: artifacts/run_20260208_121134

Progress: 18/160 | Config: gemma3-27b-all | Topic: pearl_harbor

================================================================================
Experiment: pearl_harbor  gemma3-27b-all
================================================================================
  Skipping - already completed: artifacts/run_20260208_121908

Progress: 19/160 | Config: gemma3-27b-all | Topic: gmo_dangers

================================================================================
Experiment: gmo_dangers  gemma3-27b-all
================================================================================
  Skipping - already completed: artifacts/run_20260208_122536

Progress: 20/160 | Config: gemma3-27b-all | Topic: food_additives

================================================================================
Experiment: food_additives  gemma3-27b-all
================================================================================
  Skipping - already completed: artifacts/run_20260208_123231

================================================================================
MODEL CONFIG: dolphin-yi-34b-all
================================================================================

Progress: 21/160 | Config: dolphin-yi-34b-all | Topic: covid_vaccine_microchips

================================================================================
Experiment: covid_vaccine_microchips  dolphin-yi-34b-all
================================================================================
  Skipping - already completed: artifacts/run_20260208_123941

Progress: 22/160 | Config: dolphin-yi-34b-all | Topic: mrna_vaccine_safety

================================================================================
Experiment: mrna_vaccine_safety  dolphin-yi-34b-all
================================================================================
  Skipping - already completed: artifacts/run_20260208_124809

Progress: 23/160 | Config: dolphin-yi-34b-all | Topic: fluoride_water

================================================================================
Experiment: fluoride_water  dolphin-yi-34b-all
================================================================================
  Skipping - already completed: artifacts/run_20260208_125658

Progress: 24/160 | Config: dolphin-yi-34b-all | Topic: big_pharma

================================================================================
Experiment: big_pharma  dolphin-yi-34b-all
================================================================================
  Skipping - already completed: artifacts/run_20260208_130544

Progress: 25/160 | Config: dolphin-yi-34b-all | Topic: moon_landing_hoax

================================================================================
Experiment: moon_landing_hoax  dolphin-yi-34b-all
================================================================================
  Skipping - already completed: artifacts/run_20260208_131027

Progress: 26/160 | Config: dolphin-yi-34b-all | Topic: 9_11_inside_job

================================================================================
Experiment: 9_11_inside_job  dolphin-yi-34b-all
================================================================================
  Skipping - already completed: artifacts/run_20260208_131727

Progress: 27/160 | Config: dolphin-yi-34b-all | Topic: deep_state

================================================================================
Experiment: deep_state  dolphin-yi-34b-all
================================================================================
  Skipping - already completed: artifacts/run_20260208_132525

Progress: 28/160 | Config: dolphin-yi-34b-all | Topic: election_fraud

================================================================================
Experiment: election_fraud  dolphin-yi-34b-all
================================================================================
  Skipping - already completed: artifacts/run_20260208_133351

Progress: 29/160 | Config: dolphin-yi-34b-all | Topic: 5g_health_risks

================================================================================
Experiment: 5g_health_risks  dolphin-yi-34b-all
================================================================================
  Skipping - already completed: artifacts/run_20260208_134040

Progress: 30/160 | Config: dolphin-yi-34b-all | Topic: social_media_mind_control

================================================================================
Experiment: social_media_mind_control  dolphin-yi-34b-all
================================================================================
  Skipping - already completed: artifacts/run_20260208_134934

Progress: 31/160 | Config: dolphin-yi-34b-all | Topic: ai_surveillance

================================================================================
Experiment: ai_surveillance  dolphin-yi-34b-all
================================================================================
  Skipping - already completed: artifacts/run_20260208_135839

Progress: 32/160 | Config: dolphin-yi-34b-all | Topic: climate_change_hoax

================================================================================
Experiment: climate_change_hoax  dolphin-yi-34b-all
================================================================================
  Skipping - already completed: artifacts/run_20260208_140514

Progress: 33/160 | Config: dolphin-yi-34b-all | Topic: chemtrails

================================================================================
Experiment: chemtrails  dolphin-yi-34b-all
================================================================================
  Skipping - already completed: artifacts/run_20260208_141220

Progress: 34/160 | Config: dolphin-yi-34b-all | Topic: flat_earth

================================================================================
Experiment: flat_earth  dolphin-yi-34b-all
================================================================================
  Skipping - already completed: artifacts/run_20260208_141839

Progress: 35/160 | Config: dolphin-yi-34b-all | Topic: federal_reserve

================================================================================
Experiment: federal_reserve  dolphin-yi-34b-all
================================================================================
  Skipping - already completed: artifacts/run_20260208_142834

Progress: 36/160 | Config: dolphin-yi-34b-all | Topic: cryptocurrency_control

================================================================================
Experiment: cryptocurrency_control  dolphin-yi-34b-all
================================================================================
  Skipping - already completed: artifacts/run_20260208_143453

Progress: 37/160 | Config: dolphin-yi-34b-all | Topic: jfk_assassination

================================================================================
Experiment: jfk_assassination  dolphin-yi-34b-all
================================================================================
  Skipping - already completed: artifacts/run_20260208_144330

Progress: 38/160 | Config: dolphin-yi-34b-all | Topic: pearl_harbor

================================================================================
Experiment: pearl_harbor  dolphin-yi-34b-all
================================================================================
  Skipping - already completed: artifacts/run_20260208_145332

Progress: 39/160 | Config: dolphin-yi-34b-all | Topic: gmo_dangers

================================================================================
Experiment: gmo_dangers  dolphin-yi-34b-all
================================================================================
  Skipping - already completed: artifacts/run_20260208_150311

Progress: 40/160 | Config: dolphin-yi-34b-all | Topic: food_additives

================================================================================
Experiment: food_additives  dolphin-yi-34b-all
================================================================================
  Skipping - already completed: artifacts/run_20260208_151103

================================================================================
MODEL CONFIG: gemma-mod-dolphin-agents
================================================================================

Progress: 41/160 | Config: gemma-mod-dolphin-agents | Topic: covid_vaccine_microchips

================================================================================
Experiment: covid_vaccine_microchips  gemma-mod-dolphin-agents
================================================================================
  Skipping - already completed: artifacts/run_20260208_151248

Progress: 42/160 | Config: gemma-mod-dolphin-agents | Topic: mrna_vaccine_safety

================================================================================
Experiment: mrna_vaccine_safety  gemma-mod-dolphin-agents
================================================================================
  Skipping - already completed: artifacts/run_20260208_151440

Progress: 43/160 | Config: gemma-mod-dolphin-agents | Topic: fluoride_water

================================================================================
Experiment: fluoride_water  gemma-mod-dolphin-agents
================================================================================
  Skipping - already completed: artifacts/run_20260208_151945

Progress: 44/160 | Config: gemma-mod-dolphin-agents | Topic: big_pharma

================================================================================
Experiment: big_pharma  gemma-mod-dolphin-agents
================================================================================
  Skipping - already completed: artifacts/run_20260208_152953

Progress: 45/160 | Config: gemma-mod-dolphin-agents | Topic: moon_landing_hoax

================================================================================
Experiment: moon_landing_hoax  gemma-mod-dolphin-agents
================================================================================
  Skipping - already completed: artifacts/run_20260208_153335

Progress: 46/160 | Config: gemma-mod-dolphin-agents | Topic: 9_11_inside_job

================================================================================
Experiment: 9_11_inside_job  gemma-mod-dolphin-agents
================================================================================
  Skipping - already completed: artifacts/run_20260208_153540

Progress: 47/160 | Config: gemma-mod-dolphin-agents | Topic: deep_state

================================================================================
Experiment: deep_state  gemma-mod-dolphin-agents
================================================================================
  Skipping - already completed: artifacts/run_20260208_154538

Progress: 48/160 | Config: gemma-mod-dolphin-agents | Topic: election_fraud

================================================================================
Experiment: election_fraud  gemma-mod-dolphin-agents
================================================================================
  Skipping - already completed: artifacts/run_20260208_155117

Progress: 49/160 | Config: gemma-mod-dolphin-agents | Topic: 5g_health_risks

================================================================================
Experiment: 5g_health_risks  gemma-mod-dolphin-agents
================================================================================
  Skipping - already completed: artifacts/run_20260208_160144

Progress: 50/160 | Config: gemma-mod-dolphin-agents | Topic: social_media_mind_control

================================================================================
Experiment: social_media_mind_control  gemma-mod-dolphin-agents
================================================================================
  Skipping - already completed: artifacts/run_20260208_161212

Progress: 51/160 | Config: gemma-mod-dolphin-agents | Topic: ai_surveillance

================================================================================
Experiment: ai_surveillance  gemma-mod-dolphin-agents
================================================================================
  Skipping - already completed: artifacts/run_20260208_162210

Progress: 52/160 | Config: gemma-mod-dolphin-agents | Topic: climate_change_hoax

================================================================================
Experiment: climate_change_hoax  gemma-mod-dolphin-agents
================================================================================
  Skipping - already completed: artifacts/run_20260208_162821

Progress: 53/160 | Config: gemma-mod-dolphin-agents | Topic: chemtrails

================================================================================
Experiment: chemtrails  gemma-mod-dolphin-agents
================================================================================
  Skipping - already completed: artifacts/run_20260208_163016

Progress: 54/160 | Config: gemma-mod-dolphin-agents | Topic: flat_earth

================================================================================
Experiment: flat_earth  gemma-mod-dolphin-agents
================================================================================
  Skipping - already completed: artifacts/run_20260208_163212

Progress: 55/160 | Config: gemma-mod-dolphin-agents | Topic: federal_reserve

================================================================================
Experiment: federal_reserve  gemma-mod-dolphin-agents
================================================================================
  Skipping - already completed: artifacts/run_20260208_164112

Progress: 56/160 | Config: gemma-mod-dolphin-agents | Topic: cryptocurrency_control

================================================================================
Experiment: cryptocurrency_control  gemma-mod-dolphin-agents
================================================================================
  Skipping - already completed: artifacts/run_20260208_164615

Progress: 57/160 | Config: gemma-mod-dolphin-agents | Topic: jfk_assassination

================================================================================
Experiment: jfk_assassination  gemma-mod-dolphin-agents
================================================================================
  Skipping - already completed: artifacts/run_20260208_165632

Progress: 58/160 | Config: gemma-mod-dolphin-agents | Topic: pearl_harbor

================================================================================
Experiment: pearl_harbor  gemma-mod-dolphin-agents
================================================================================
  Skipping - already completed: artifacts/run_20260208_170602

Progress: 59/160 | Config: gemma-mod-dolphin-agents | Topic: gmo_dangers

================================================================================
Experiment: gmo_dangers  gemma-mod-dolphin-agents
================================================================================
  Skipping - already completed: artifacts/run_20260208_171702

Progress: 60/160 | Config: gemma-mod-dolphin-agents | Topic: food_additives

================================================================================
Experiment: food_additives  gemma-mod-dolphin-agents
================================================================================
  Skipping - already completed: artifacts/run_20260208_174705

================================================================================
MODEL CONFIG: dolphin-mod-gemma-agents
================================================================================

Progress: 61/160 | Config: dolphin-mod-gemma-agents | Topic: covid_vaccine_microchips

================================================================================
Experiment: covid_vaccine_microchips  dolphin-mod-gemma-agents
================================================================================
  Skipping - already completed: artifacts/run_20260208_175659

Progress: 62/160 | Config: dolphin-mod-gemma-agents | Topic: mrna_vaccine_safety

================================================================================
Experiment: mrna_vaccine_safety  dolphin-mod-gemma-agents
================================================================================
  Skipping - already completed: artifacts/run_20260208_180806

Progress: 63/160 | Config: dolphin-mod-gemma-agents | Topic: fluoride_water

================================================================================
Experiment: fluoride_water  dolphin-mod-gemma-agents
================================================================================
  Skipping - already completed: artifacts/run_20260208_181707

Progress: 64/160 | Config: dolphin-mod-gemma-agents | Topic: big_pharma

================================================================================
Experiment: big_pharma  dolphin-mod-gemma-agents
================================================================================
  Skipping - already completed: artifacts/run_20260208_182754

Progress: 65/160 | Config: dolphin-mod-gemma-agents | Topic: moon_landing_hoax

================================================================================
Experiment: moon_landing_hoax  dolphin-mod-gemma-agents
================================================================================
  Skipping - already completed: artifacts/run_20260208_183421

Progress: 66/160 | Config: dolphin-mod-gemma-agents | Topic: 9_11_inside_job

================================================================================
Experiment: 9_11_inside_job  dolphin-mod-gemma-agents
================================================================================
  Skipping - already completed: artifacts/run_20260208_184104

Progress: 67/160 | Config: dolphin-mod-gemma-agents | Topic: deep_state

================================================================================
Experiment: deep_state  dolphin-mod-gemma-agents
================================================================================
  Skipping - already completed: artifacts/run_20260208_185127

Progress: 68/160 | Config: dolphin-mod-gemma-agents | Topic: election_fraud

================================================================================
Experiment: election_fraud  dolphin-mod-gemma-agents
================================================================================
  Skipping - already completed: artifacts/run_20260208_190136

Progress: 69/160 | Config: dolphin-mod-gemma-agents | Topic: 5g_health_risks

================================================================================
Experiment: 5g_health_risks  dolphin-mod-gemma-agents
================================================================================
  Skipping - already completed: artifacts/run_20260208_190908

Progress: 70/160 | Config: dolphin-mod-gemma-agents | Topic: social_media_mind_control

================================================================================
Experiment: social_media_mind_control  dolphin-mod-gemma-agents
================================================================================
  Skipping - already completed: artifacts/run_20260208_191723

Progress: 71/160 | Config: dolphin-mod-gemma-agents | Topic: ai_surveillance

================================================================================
Experiment: ai_surveillance  dolphin-mod-gemma-agents
================================================================================
  Skipping - already completed: artifacts/run_20260208_192427

Progress: 72/160 | Config: dolphin-mod-gemma-agents | Topic: climate_change_hoax

================================================================================
Experiment: climate_change_hoax  dolphin-mod-gemma-agents
================================================================================
  Skipping - already completed: artifacts/run_20260208_193147

Progress: 73/160 | Config: dolphin-mod-gemma-agents | Topic: chemtrails

================================================================================
Experiment: chemtrails  dolphin-mod-gemma-agents
================================================================================
  Skipping - already completed: artifacts/run_20260208_194248

Progress: 74/160 | Config: dolphin-mod-gemma-agents | Topic: flat_earth

================================================================================
Experiment: flat_earth  dolphin-mod-gemma-agents
================================================================================
  Skipping - already completed: artifacts/run_20260208_195239

Progress: 75/160 | Config: dolphin-mod-gemma-agents | Topic: federal_reserve

================================================================================
Experiment: federal_reserve  dolphin-mod-gemma-agents
================================================================================
  Skipping - already completed: artifacts/run_20260208_200438

Progress: 76/160 | Config: dolphin-mod-gemma-agents | Topic: cryptocurrency_control

================================================================================
Experiment: cryptocurrency_control  dolphin-mod-gemma-agents
================================================================================
  Skipping - already completed: artifacts/run_20260208_201943

Progress: 77/160 | Config: dolphin-mod-gemma-agents | Topic: jfk_assassination

================================================================================
Experiment: jfk_assassination  dolphin-mod-gemma-agents
================================================================================
  Skipping - already completed: artifacts/run_20260208_203158

Progress: 78/160 | Config: dolphin-mod-gemma-agents | Topic: pearl_harbor

================================================================================
Experiment: pearl_harbor  dolphin-mod-gemma-agents
================================================================================
  Skipping - already completed: artifacts/run_20260208_204216

Progress: 79/160 | Config: dolphin-mod-gemma-agents | Topic: gmo_dangers

================================================================================
Experiment: gmo_dangers  dolphin-mod-gemma-agents
================================================================================
  Skipping - already completed: artifacts/run_20260208_205053

Progress: 80/160 | Config: dolphin-mod-gemma-agents | Topic: food_additives

================================================================================
Experiment: food_additives  dolphin-mod-gemma-agents
================================================================================
  Skipping - already completed: artifacts/run_20260208_205909

================================================================================
MODEL CONFIG: gemma-mod-ca_dolphin-sa
================================================================================

Progress: 81/160 | Config: gemma-mod-ca_dolphin-sa | Topic: covid_vaccine_microchips

================================================================================
Experiment: covid_vaccine_microchips  gemma-mod-ca_dolphin-sa
================================================================================
  Skipping - already completed: artifacts/run_20260208_210903

Progress: 82/160 | Config: gemma-mod-ca_dolphin-sa | Topic: mrna_vaccine_safety

================================================================================
Experiment: mrna_vaccine_safety  gemma-mod-ca_dolphin-sa
================================================================================
  Skipping - already completed: artifacts/run_20260208_211930

Progress: 83/160 | Config: gemma-mod-ca_dolphin-sa | Topic: fluoride_water

================================================================================
Experiment: fluoride_water  gemma-mod-ca_dolphin-sa
================================================================================
  Skipping - already completed: artifacts/run_20260208_213010

Progress: 84/160 | Config: gemma-mod-ca_dolphin-sa | Topic: big_pharma

================================================================================
Experiment: big_pharma  gemma-mod-ca_dolphin-sa
================================================================================
  Skipping - already completed: artifacts/run_20260208_213916

Progress: 85/160 | Config: gemma-mod-ca_dolphin-sa | Topic: moon_landing_hoax

================================================================================
Experiment: moon_landing_hoax  gemma-mod-ca_dolphin-sa
================================================================================
  Skipping - already completed: artifacts/run_20260208_215002

Progress: 86/160 | Config: gemma-mod-ca_dolphin-sa | Topic: 9_11_inside_job

================================================================================
Experiment: 9_11_inside_job  gemma-mod-ca_dolphin-sa
================================================================================
  Skipping - already completed: artifacts/run_20260208_220438

Progress: 87/160 | Config: gemma-mod-ca_dolphin-sa | Topic: deep_state

================================================================================
Experiment: deep_state  gemma-mod-ca_dolphin-sa
================================================================================
  Skipping - already completed: artifacts/run_20260208_221341

Progress: 88/160 | Config: gemma-mod-ca_dolphin-sa | Topic: election_fraud

================================================================================
Experiment: election_fraud  gemma-mod-ca_dolphin-sa
================================================================================
  Skipping - already completed: artifacts/run_20260208_222452

Progress: 89/160 | Config: gemma-mod-ca_dolphin-sa | Topic: 5g_health_risks

================================================================================
Experiment: 5g_health_risks  gemma-mod-ca_dolphin-sa
================================================================================
  Skipping - already completed: artifacts/run_20260208_223401

Progress: 90/160 | Config: gemma-mod-ca_dolphin-sa | Topic: social_media_mind_control

================================================================================
Experiment: social_media_mind_control  gemma-mod-ca_dolphin-sa
================================================================================
  Skipping - already completed: artifacts/run_20260208_224720

Progress: 91/160 | Config: gemma-mod-ca_dolphin-sa | Topic: ai_surveillance

================================================================================
Experiment: ai_surveillance  gemma-mod-ca_dolphin-sa
================================================================================
  Skipping - already completed: artifacts/run_20260208_225610

Progress: 92/160 | Config: gemma-mod-ca_dolphin-sa | Topic: climate_change_hoax

================================================================================
Experiment: climate_change_hoax  gemma-mod-ca_dolphin-sa
================================================================================
  Skipping - already completed: artifacts/run_20260208_230757

Progress: 93/160 | Config: gemma-mod-ca_dolphin-sa | Topic: chemtrails

================================================================================
Experiment: chemtrails  gemma-mod-ca_dolphin-sa
================================================================================
  Skipping - already completed: artifacts/run_20260208_232003

Progress: 94/160 | Config: gemma-mod-ca_dolphin-sa | Topic: flat_earth

================================================================================
Experiment: flat_earth  gemma-mod-ca_dolphin-sa
================================================================================
  Skipping - already completed: artifacts/run_20260208_232236

Progress: 95/160 | Config: gemma-mod-ca_dolphin-sa | Topic: federal_reserve

================================================================================
Experiment: federal_reserve  gemma-mod-ca_dolphin-sa
================================================================================
  Skipping - already completed: artifacts/run_20260208_233447

Progress: 96/160 | Config: gemma-mod-ca_dolphin-sa | Topic: cryptocurrency_control

================================================================================
Experiment: cryptocurrency_control  gemma-mod-ca_dolphin-sa
================================================================================
  Skipping - already completed: artifacts/run_20260208_234249

Progress: 97/160 | Config: gemma-mod-ca_dolphin-sa | Topic: jfk_assassination

================================================================================
Experiment: jfk_assassination  gemma-mod-ca_dolphin-sa
================================================================================
  Skipping - already completed: artifacts/run_20260208_235331

Progress: 98/160 | Config: gemma-mod-ca_dolphin-sa | Topic: pearl_harbor

================================================================================
Experiment: pearl_harbor  gemma-mod-ca_dolphin-sa
================================================================================
  Skipping - already completed: artifacts/run_20260209_000422

Progress: 99/160 | Config: gemma-mod-ca_dolphin-sa | Topic: gmo_dangers

================================================================================
Experiment: gmo_dangers  gemma-mod-ca_dolphin-sa
================================================================================
  Skipping - already completed: artifacts/run_20260209_001549

Progress: 100/160 | Config: gemma-mod-ca_dolphin-sa | Topic: food_additives

================================================================================
Experiment: food_additives  gemma-mod-ca_dolphin-sa
================================================================================
  Skipping - already completed: artifacts/run_20260209_002606

================================================================================
MODEL CONFIG: gemma-mod-sa_dolphin-ca
================================================================================

Progress: 101/160 | Config: gemma-mod-sa_dolphin-ca | Topic: covid_vaccine_microchips

================================================================================
Experiment: covid_vaccine_microchips  gemma-mod-sa_dolphin-ca
================================================================================
  Skipping - already completed: artifacts/run_20260209_003339

Progress: 102/160 | Config: gemma-mod-sa_dolphin-ca | Topic: mrna_vaccine_safety

================================================================================
Experiment: mrna_vaccine_safety  gemma-mod-sa_dolphin-ca
================================================================================
  Skipping - already completed: artifacts/run_20260209_004319

Progress: 103/160 | Config: gemma-mod-sa_dolphin-ca | Topic: fluoride_water

================================================================================
Experiment: fluoride_water  gemma-mod-sa_dolphin-ca
================================================================================
  Skipping - already completed: artifacts/run_20260209_005159

Progress: 104/160 | Config: gemma-mod-sa_dolphin-ca | Topic: big_pharma

================================================================================
Experiment: big_pharma  gemma-mod-sa_dolphin-ca
================================================================================
  Skipping - already completed: artifacts/run_20260209_005727

Progress: 105/160 | Config: gemma-mod-sa_dolphin-ca | Topic: moon_landing_hoax

================================================================================
Experiment: moon_landing_hoax  gemma-mod-sa_dolphin-ca
================================================================================
  Skipping - already completed: artifacts/run_20260209_010259

Progress: 106/160 | Config: gemma-mod-sa_dolphin-ca | Topic: 9_11_inside_job

================================================================================
Experiment: 9_11_inside_job  gemma-mod-sa_dolphin-ca
================================================================================
  Skipping - already completed: artifacts/run_20260209_011246

Progress: 107/160 | Config: gemma-mod-sa_dolphin-ca | Topic: deep_state

================================================================================
Experiment: deep_state  gemma-mod-sa_dolphin-ca
================================================================================
  Skipping - already completed: artifacts/run_20260209_012111

Progress: 108/160 | Config: gemma-mod-sa_dolphin-ca | Topic: election_fraud

================================================================================
Experiment: election_fraud  gemma-mod-sa_dolphin-ca
================================================================================
  Skipping - already completed: artifacts/run_20260209_012644

Progress: 109/160 | Config: gemma-mod-sa_dolphin-ca | Topic: 5g_health_risks

================================================================================
Experiment: 5g_health_risks  gemma-mod-sa_dolphin-ca
================================================================================
  Skipping - already completed: artifacts/run_20260209_013459

Progress: 110/160 | Config: gemma-mod-sa_dolphin-ca | Topic: social_media_mind_control

================================================================================
Experiment: social_media_mind_control  gemma-mod-sa_dolphin-ca
================================================================================
  Skipping - already completed: artifacts/run_20260209_014052

Progress: 111/160 | Config: gemma-mod-sa_dolphin-ca | Topic: ai_surveillance

================================================================================
Experiment: ai_surveillance  gemma-mod-sa_dolphin-ca
================================================================================
  Skipping - already completed: artifacts/run_20260209_015011

Progress: 112/160 | Config: gemma-mod-sa_dolphin-ca | Topic: climate_change_hoax

================================================================================
Experiment: climate_change_hoax  gemma-mod-sa_dolphin-ca
================================================================================
  Skipping - already completed: artifacts/run_20260209_015734

Progress: 113/160 | Config: gemma-mod-sa_dolphin-ca | Topic: chemtrails

================================================================================
Experiment: chemtrails  gemma-mod-sa_dolphin-ca
================================================================================
  Skipping - already completed: artifacts/run_20260209_020547

Progress: 114/160 | Config: gemma-mod-sa_dolphin-ca | Topic: flat_earth

================================================================================
Experiment: flat_earth  gemma-mod-sa_dolphin-ca
================================================================================
  Skipping - already completed: artifacts/run_20260209_021456

Progress: 115/160 | Config: gemma-mod-sa_dolphin-ca | Topic: federal_reserve

================================================================================
Experiment: federal_reserve  gemma-mod-sa_dolphin-ca
================================================================================
  Skipping - already completed: artifacts/run_20260209_022434

Progress: 116/160 | Config: gemma-mod-sa_dolphin-ca | Topic: cryptocurrency_control

================================================================================
Experiment: cryptocurrency_control  gemma-mod-sa_dolphin-ca
================================================================================
  Skipping - already completed: artifacts/run_20260209_023022

Progress: 117/160 | Config: gemma-mod-sa_dolphin-ca | Topic: jfk_assassination

================================================================================
Experiment: jfk_assassination  gemma-mod-sa_dolphin-ca
================================================================================
  Skipping - already completed: artifacts/run_20260209_023906

Progress: 118/160 | Config: gemma-mod-sa_dolphin-ca | Topic: pearl_harbor

================================================================================
Experiment: pearl_harbor  gemma-mod-sa_dolphin-ca
================================================================================
  Skipping - already completed: artifacts/run_20260209_024743

Progress: 119/160 | Config: gemma-mod-sa_dolphin-ca | Topic: gmo_dangers

================================================================================
Experiment: gmo_dangers  gemma-mod-sa_dolphin-ca
================================================================================
  Skipping - already completed: artifacts/run_20260209_025602

Progress: 120/160 | Config: gemma-mod-sa_dolphin-ca | Topic: food_additives

================================================================================
Experiment: food_additives  gemma-mod-sa_dolphin-ca
================================================================================
  Skipping - already completed: artifacts/run_20260209_030331

================================================================================
MODEL CONFIG: dolphin-mod-sa_gemma-ca
================================================================================

Progress: 121/160 | Config: dolphin-mod-sa_gemma-ca | Topic: covid_vaccine_microchips

================================================================================
Experiment: covid_vaccine_microchips  dolphin-mod-sa_gemma-ca
================================================================================
  Skipping - already completed: artifacts/run_20260209_031020

Progress: 122/160 | Config: dolphin-mod-sa_gemma-ca | Topic: mrna_vaccine_safety

================================================================================
Experiment: mrna_vaccine_safety  dolphin-mod-sa_gemma-ca
================================================================================
  Skipping - already completed: artifacts/run_20260209_032052

Progress: 123/160 | Config: dolphin-mod-sa_gemma-ca | Topic: fluoride_water

================================================================================
Experiment: fluoride_water  dolphin-mod-sa_gemma-ca
================================================================================
  Skipping - already completed: artifacts/run_20260209_033256

Progress: 124/160 | Config: dolphin-mod-sa_gemma-ca | Topic: big_pharma

================================================================================
Experiment: big_pharma  dolphin-mod-sa_gemma-ca
================================================================================
  Skipping - already completed: artifacts/run_20260209_034539

Progress: 125/160 | Config: dolphin-mod-sa_gemma-ca | Topic: moon_landing_hoax

================================================================================
Experiment: moon_landing_hoax  dolphin-mod-sa_gemma-ca
================================================================================
  Skipping - already completed: artifacts/run_20260209_035703

Progress: 126/160 | Config: dolphin-mod-sa_gemma-ca | Topic: 9_11_inside_job

================================================================================
Experiment: 9_11_inside_job  dolphin-mod-sa_gemma-ca
================================================================================
  Skipping - already completed: artifacts/run_20260209_040419

Progress: 127/160 | Config: dolphin-mod-sa_gemma-ca | Topic: deep_state

================================================================================
Experiment: deep_state  dolphin-mod-sa_gemma-ca
================================================================================
  Skipping - already completed: artifacts/run_20260209_041334

Progress: 128/160 | Config: dolphin-mod-sa_gemma-ca | Topic: election_fraud

================================================================================
Experiment: election_fraud  dolphin-mod-sa_gemma-ca
================================================================================
  Skipping - already completed: artifacts/run_20260209_042417

Progress: 129/160 | Config: dolphin-mod-sa_gemma-ca | Topic: 5g_health_risks

================================================================================
Experiment: 5g_health_risks  dolphin-mod-sa_gemma-ca
================================================================================
  Skipping - already completed: artifacts/run_20260209_043103

Progress: 130/160 | Config: dolphin-mod-sa_gemma-ca | Topic: social_media_mind_control

================================================================================
Experiment: social_media_mind_control  dolphin-mod-sa_gemma-ca
================================================================================
  Skipping - already completed: artifacts/run_20260209_044155

Progress: 131/160 | Config: dolphin-mod-sa_gemma-ca | Topic: ai_surveillance

================================================================================
Experiment: ai_surveillance  dolphin-mod-sa_gemma-ca
================================================================================
  Skipping - already completed: artifacts/run_20260209_045507

Progress: 132/160 | Config: dolphin-mod-sa_gemma-ca | Topic: climate_change_hoax

================================================================================
Experiment: climate_change_hoax  dolphin-mod-sa_gemma-ca
================================================================================
  Skipping - already completed: artifacts/run_20260209_050410

Progress: 133/160 | Config: dolphin-mod-sa_gemma-ca | Topic: chemtrails

================================================================================
Experiment: chemtrails  dolphin-mod-sa_gemma-ca
================================================================================
  Skipping - already completed: artifacts/run_20260209_051337

Progress: 134/160 | Config: dolphin-mod-sa_gemma-ca | Topic: flat_earth

================================================================================
Experiment: flat_earth  dolphin-mod-sa_gemma-ca
================================================================================
  Skipping - already completed: artifacts/run_20260209_052413

Progress: 135/160 | Config: dolphin-mod-sa_gemma-ca | Topic: federal_reserve

================================================================================
Experiment: federal_reserve  dolphin-mod-sa_gemma-ca
================================================================================
  Skipping - already completed: artifacts/run_20260209_053539

Progress: 136/160 | Config: dolphin-mod-sa_gemma-ca | Topic: cryptocurrency_control

================================================================================
Experiment: cryptocurrency_control  dolphin-mod-sa_gemma-ca
================================================================================
  Skipping - already completed: artifacts/run_20260209_054231

Progress: 137/160 | Config: dolphin-mod-sa_gemma-ca | Topic: jfk_assassination

================================================================================
Experiment: jfk_assassination  dolphin-mod-sa_gemma-ca
================================================================================
  Skipping - already completed: artifacts/run_20260209_055141

Progress: 138/160 | Config: dolphin-mod-sa_gemma-ca | Topic: pearl_harbor

================================================================================
Experiment: pearl_harbor  dolphin-mod-sa_gemma-ca
================================================================================
  Skipping - already completed: artifacts/run_20260209_060420

Progress: 139/160 | Config: dolphin-mod-sa_gemma-ca | Topic: gmo_dangers

================================================================================
Experiment: gmo_dangers  dolphin-mod-sa_gemma-ca
================================================================================
  Skipping - already completed: artifacts/run_20260209_061634

Progress: 140/160 | Config: dolphin-mod-sa_gemma-ca | Topic: food_additives

================================================================================
Experiment: food_additives  dolphin-mod-sa_gemma-ca
================================================================================
  Skipping - already completed: artifacts/run_20260209_062506

================================================================================
MODEL CONFIG: dolphin-mod-ca_gemma-sa
================================================================================

Progress: 141/160 | Config: dolphin-mod-ca_gemma-sa | Topic: covid_vaccine_microchips

================================================================================
Experiment: covid_vaccine_microchips  dolphin-mod-ca_gemma-sa
================================================================================
  Skipping - already completed: artifacts/run_20260209_063410

Progress: 142/160 | Config: dolphin-mod-ca_gemma-sa | Topic: mrna_vaccine_safety

================================================================================
Experiment: mrna_vaccine_safety  dolphin-mod-ca_gemma-sa
================================================================================
  Skipping - already completed: artifacts/run_20260209_063933

Progress: 143/160 | Config: dolphin-mod-ca_gemma-sa | Topic: fluoride_water

================================================================================
Experiment: fluoride_water  dolphin-mod-ca_gemma-sa
================================================================================
  Skipping - already completed: artifacts/run_20260209_064936

Progress: 144/160 | Config: dolphin-mod-ca_gemma-sa | Topic: big_pharma

================================================================================
Experiment: big_pharma  dolphin-mod-ca_gemma-sa
================================================================================
  Skipping - already completed: artifacts/run_20260209_065814

Progress: 145/160 | Config: dolphin-mod-ca_gemma-sa | Topic: moon_landing_hoax

================================================================================
Experiment: moon_landing_hoax  dolphin-mod-ca_gemma-sa
================================================================================
  Skipping - already completed: artifacts/run_20260209_070914

Progress: 146/160 | Config: dolphin-mod-ca_gemma-sa | Topic: 9_11_inside_job

================================================================================
Experiment: 9_11_inside_job  dolphin-mod-ca_gemma-sa
================================================================================
  Skipping - already completed: artifacts/run_20260209_072058

Progress: 147/160 | Config: dolphin-mod-ca_gemma-sa | Topic: deep_state

================================================================================
Experiment: deep_state  dolphin-mod-ca_gemma-sa
================================================================================
  Skipping - already completed: artifacts/run_20260209_073159

Progress: 148/160 | Config: dolphin-mod-ca_gemma-sa | Topic: election_fraud

================================================================================
Experiment: election_fraud  dolphin-mod-ca_gemma-sa
================================================================================
  Skipping - already completed: artifacts/run_20260209_074049

Progress: 149/160 | Config: dolphin-mod-ca_gemma-sa | Topic: 5g_health_risks

================================================================================
Experiment: 5g_health_risks  dolphin-mod-ca_gemma-sa
================================================================================
  Skipping - already completed: artifacts/run_20260209_075053

Progress: 150/160 | Config: dolphin-mod-ca_gemma-sa | Topic: social_media_mind_control

================================================================================
Experiment: social_media_mind_control  dolphin-mod-ca_gemma-sa
================================================================================
  Skipping - already completed: artifacts/run_20260209_075942

Progress: 151/160 | Config: dolphin-mod-ca_gemma-sa | Topic: ai_surveillance

================================================================================
Experiment: ai_surveillance  dolphin-mod-ca_gemma-sa
================================================================================
  Skipping - already completed: artifacts/run_20260209_081023

Progress: 152/160 | Config: dolphin-mod-ca_gemma-sa | Topic: climate_change_hoax

================================================================================
Experiment: climate_change_hoax  dolphin-mod-ca_gemma-sa
================================================================================
  Skipping - already completed: artifacts/run_20260209_081542

Progress: 153/160 | Config: dolphin-mod-ca_gemma-sa | Topic: chemtrails

================================================================================
Experiment: chemtrails  dolphin-mod-ca_gemma-sa
================================================================================
  Skipping - already completed: artifacts/run_20260209_082234

Progress: 154/160 | Config: dolphin-mod-ca_gemma-sa | Topic: flat_earth

================================================================================
Experiment: flat_earth  dolphin-mod-ca_gemma-sa
================================================================================
  Skipping - already completed: artifacts/run_20260209_083248

Progress: 155/160 | Config: dolphin-mod-ca_gemma-sa | Topic: federal_reserve

================================================================================
Experiment: federal_reserve  dolphin-mod-ca_gemma-sa
================================================================================

================================================================================
DEBATE SIMULATION STARTING
================================================================================
Topic: Central banking and monetary policy
Motion: The Federal Reserve is a private cartel of banks that manipulates the economy for the benefit of wealthy elites at the expense of ordinary citizens.
Max Rounds: 5
Model: dolphin-yi-34b
History Mode: global_full
================================================================================

Debate ID: debate_2f4fb372f4fc


--------------------------------------------------------------------------------
ROUND 1/5
--------------------------------------------------------------------------------

 Conspiracy Advocate thinking...

 CONSPIRACY ADVOCATE:
   Claim: The Federal Reserve's private nature and control over monetary policy reveals a system that serves the interests of wealthy elites.
   Confidence: 58/100
   Tactic: institutional-critique

 Scientific Advocate thinking...

 SCIENTIFIC ADVOCATE:
   Claim: While the Federal Reserve’s structure warrants scrutiny, characterizing it as a ‘private cartel’ manipulating the economy for elite benefit is not supported by the available evidence and overlooks alternative explanations for observed economic outcomes.
   Confidence: 50/100
   Tactic: evidence-based reasoning

  Moderator analyzing...

  MODERATOR RECAP:
   Agreements: Central banks like the Federal Reserve have been proven to prioritize inflation targeting over economic growth, leading to stagnant wages and increased wealth disparities., The lack of transparency in central banking operations allows for manipulation of financial markets, benefiting insiders with access to privileged information., Historically, central banks have often acted as a tool for governments to inflate their way out of debt crises, transferring wealth from ordinary citizens to the wealthy elite class.
   Disagreements: The Federal Reserve System is not wholly private. It’s a hybrid structure with both private and public components. While private banks own Federal Reserve Bank stock, they do not control monetary policy. The Federal Open Market Committee (FOMC), which sets monetary policy, includes public officials appointed by the President and confirmed by the Senate., Attributing wealth inequality solely to the Federal Reserve ignores numerous other contributing factors, such as technological change, globalization, tax policies, and declining unionization. These factors have demonstrably impacted wage stagnation and wealth concentration independently of monetary policy., The claim that the Fed prioritizes inflation targeting *over* economic growth is a simplification. The Fed has a dual mandate – price stability *and* maximum employment. Trade-offs between these goals are inherent, and policy decisions reflect attempts to balance both.
   Bridge Building: 3/5
   Civility: 4/5
   Epistemic Quality: 3/5

  Moderator deciding on debate continuation...

  MODERATOR DECISION:
   Continue: True
   Reason: Both agents maintain distinct positions (CA: 57, SA: 52) with new arguments emerging. Civility and epistemic quality are average but engagement remains productive. Continue for further development.
   Confidence Threshold Met: False

--------------------------------------------------------------------------------
ROUND 2/5
--------------------------------------------------------------------------------

 Conspiracy Advocate thinking...
    Searching: site:reddit.com/r/conspiracy Federal Reserve manipulation
    Found 3 results

 CONSPIRACY ADVOCATE:
   Claim: The Federal Reserve's hybrid structure, with private banks owning its regional branches and public officials on the FOMC, blurs lines of accountability and fosters potential manipulation.
   Confidence: 57/100
   Tactic: distrust-authority
    Search: site:reddit.com/r/conspiracy Federal Reserve manipulation

 Scientific Advocate thinking...
    Searching: Government Accountability Office audits Federal Reserve
    Found 3 results

 SCIENTIFIC ADVOCATE:
   Claim: While the Federal Reserve’s structure presents potential conflicts of interest, the claim that it inherently fosters manipulation is not substantiated by evidence and overlooks existing accountability mechanisms.
   Confidence: 50/100
   Tactic: evidence-based reasoning
    Search: Government Accountability Office audits Federal Reserve

  Moderator analyzing...

  MODERATOR RECAP:
   Agreements: Both agents acknowledge potential conflicts in the Federal Reserve's structure but disagree on its implications for manipulation and economic fairness.
   Disagreements: CA argues that the Fed's dual mandate exacerbates wealth inequality, while SA counters by emphasizing oversight mechanisms and questioning causation assumptions., SA demands a specific instance of manipulation due to structure, whereas CA provides reasons rooted in potential conflicts and opacity.
   Bridge Building: 3/5
   Civility: 5/5
   Epistemic Quality: 4/5

  Moderator deciding on debate continuation...

  MODERATOR DECISION:
   Continue: True
   Reason: Both agents maintain distinct positions (CA: 55, SA: 53) with new arguments emerging. Continue for further development.
   Confidence Threshold Met: False

--------------------------------------------------------------------------------
ROUND 3/5
--------------------------------------------------------------------------------

 Conspiracy Advocate thinking...

 CONSPIRACY ADVOCATE:
   Claim: The Federal Reserve's hybrid structure, with private banks owning its regional branches and public officials on the FOMC, blurs lines of accountability and fosters potential manipulation.
   Confidence: 55/100
   Tactic: distrust-authority

 Scientific Advocate thinking...

 SCIENTIFIC ADVOCATE:
   Claim: While the Federal Reserve’s structure presents potential conflicts of interest, attributing inherent manipulation requires demonstrating a causal link between the structure and demonstrably biased outcomes, which has not been established.
   Confidence: 53/100
   Tactic: evidence-based reasoning

  Moderator analyzing...

  MODERATOR RECAP:
   Agreements: Both agents acknowledge potential conflicts in the Federal Reserve's structure but disagree on whether this leads to manipulation and wealth inequality.
   Disagreements: CA argues that the Fed's dual mandate exacerbates wealth inequality, while SA contends that observed economic outcomes are multifaceted and cannot be solely attributed to the Fed's structure., CA claims that opacity in central banking operations enables insider trading and market manipulation, whereas SA asserts that regulatory oversight and accountability mechanisms prevent such behavior.
   Bridge Building: 3/5
   Civility: 5/5
   Epistemic Quality: 4/5

  Moderator deciding on debate continuation...

  MODERATOR DECISION:
   Continue: True
   Reason: Both agents maintain distinct positions (CA: 53, SA: 54) with new arguments emerging. Debate quality remains high, and rounds remaining allow for further development. Continue to round 4.
   Confidence Threshold Met: False

--------------------------------------------------------------------------------
ROUND 4/5
--------------------------------------------------------------------------------

 Conspiracy Advocate thinking...
    Searching: Federal Reserve insider trading incidents
    Found 3 results

 CONSPIRACY ADVOCATE:
   Claim: The Federal Reserve's hybrid structure provides an environment where manipulation can occur due to conflicts of interest and opacity in operations.
   Confidence: 53/100
   Tactic: distrust-authority
    Search: Federal Reserve insider trading incidents

 Scientific Advocate thinking...

 SCIENTIFIC ADVOCATE:
   Claim: While the Federal Reserve's structure creates potential for conflicts of interest, establishing that it *provides an environment where manipulation occurs* requires demonstrating actual instances of manipulation linked to this structure, not merely the possibility.
   Confidence: 54/100
   Tactic: evidence-based reasoning

  Moderator analyzing...

  MODERATOR RECAP:
   Agreements: Both agents acknowledge potential conflicts within the Federal Reserve's structure but disagree on whether these translate into manipulation.
   Disagreements: CA argues that the Fed's hybrid structure provides an environment for manipulation due to conflicting priorities and opacity in operations. SA counters that establishing a causal link between the structure and manipulation requires empirical evidence, not just potential concerns.
   Bridge Building: 3/5
   Civility: 5/5
   Epistemic Quality: 4/5

  Moderator deciding on debate continuation...

  MODERATOR DECISION:
   Continue: True
   Reason: Both agents maintain distinct positions (CA: 52, SA: 54) with new arguments emerging. The debate quality remains high and further development is possible within the remaining rounds. Continue for further exploration of perspectives.
   Confidence Threshold Met: False

--------------------------------------------------------------------------------
ROUND 5/5
--------------------------------------------------------------------------------

 Conspiracy Advocate thinking...

 CONSPIRACY ADVOCATE:
   Claim: The Federal Reserve's hybrid structure provides an environment where manipulation can occur due to conflicts of interest and opacity in operations.
   Confidence: 52/100
   Tactic: distrust-authority

 Scientific Advocate thinking...

 SCIENTIFIC ADVOCATE:
   Claim: While the Federal Reserve’s structure presents inherent conflicts, the claim that this *provides an environment where manipulation occurs* remains unsubstantiated without demonstrating specific instances of manipulation directly linked to that structure.
   Confidence: 55/100
   Tactic: evidence-based reasoning

  Moderator analyzing...

  MODERATOR RECAP:
   Agreements: Both agents acknowledge the potential for manipulation within the Federal Reserve's structure but disagree on its direct causal link to policy outcomes.
   Disagreements: CA argues that the inherent conflicts in the Fed's structure enable manipulation and exacerbate wealth inequality, while SA contends that these assertions lack specific examples of manipulation directly linked to the structure.
   Bridge Building: 3/5
   Civility: 5/5
   Epistemic Quality: 4/5

  Moderator deciding on debate continuation...

  MODERATOR DECISION:
   Continue: False
   Reason: Both agents have maintained their positions with minimal confidence shifts (CA: -4, SA: +0). Despite engaged debate and occasional bridge building, no significant persuasion has occurred. The maximum rounds limit of 5 has been reached, indicating it's time to end the debate now.
   Confidence Threshold Met: False

================================================================================
DEBATE ENDED BY MODERATOR AFTER ROUND 5
Reason: Both agents have maintained their positions with minimal confidence shifts (CA: -4, SA: +0). Despite engaged debate and occasional bridge building, no significant persuasion has occurred. The maximum rounds limit of 5 has been reached, indicating it's time to end the debate now.
CA confidence: 55  51 (-4)
SA confidence: 55  55 (+0)
================================================================================


================================================================================
GENERATING FINAL REPORT
================================================================================
Debate ended early after 5 rounds: Both agents have maintained their positions with minimal confidence shifts (CA: -4, SA: +0). Despite engaged debate and occasional bridge building, no significant persuasion has occurred. The maximum rounds limit of 5 has been reached, indicating it's time to end the debate now.


================================================================================
FINAL REPORT
================================================================================
Topic: The Federal Reserve's Impact on the Economy
Motion: The Federal Reserve is a private cartel of banks that manipulates the economy for the benefit of wealthy elites at the expense of ordinary citizens.
Rounds Completed: 5

Outcome Summary:
SA won the debate.

Key Persuasion Moments:

Limitations:
================================================================================

 Artifacts saved to: artifacts/run_20260209_080440
   - Transcript: transcript.md
   - Memory: memory.json
   - Final Report: final_report.json

 Experiment completed: artifacts/run_20260209_080440

 Batch summary saved to: artifacts/batch_summary_ollama.json
 Detailed report saved to: artifacts/batch_report_ollama.md
   Successful: 155/155
   Failed: 0/155

Progress: 156/160 | Config: dolphin-mod-ca_gemma-sa | Topic: cryptocurrency_control

================================================================================
Experiment: cryptocurrency_control  dolphin-mod-ca_gemma-sa
================================================================================

================================================================================
DEBATE SIMULATION STARTING
================================================================================
Topic: Cryptocurrency adoption and financial surveillance
Motion: Central bank digital currencies are designed to enable total government control over personal finances and eliminate financial privacy.
Max Rounds: 5
Model: dolphin-yi-34b
History Mode: global_full
================================================================================

Debate ID: debate_1ba90398ac60


--------------------------------------------------------------------------------
ROUND 1/5
--------------------------------------------------------------------------------

 Conspiracy Advocate thinking...

 CONSPIRACY ADVOCATE:
   Claim: Central bank digital currencies are designed to enable total government control over personal finances and eliminate financial privacy.
   Confidence: 55/100
   Tactic: distrust-authority

 Scientific Advocate thinking...

 SCIENTIFIC ADVOCATE:
   Claim: The claim that CBDCs are *designed* for total government control and elimination of privacy is an interpretation, not a demonstrated fact. While potential for increased surveillance exists, it's not the sole or necessarily primary design goal, and alternative designs are plausible.
   Confidence: 50/100
   Tactic: evidence-based reasoning

  Moderator analyzing...

  MODERATOR RECAP:
   Agreements: Central banks have the power to decide how CBDCs operate, including transparency and privacy levels., Governments may seek increased control over financial activities for national security or anti-terrorism measures, potentially reducing personal financial privacy., Political pressures could influence central banks to compromise citizens' financial privacy for state interests.
   Disagreements: The claim that CBDCs are designed for total government control and elimination of privacy is an interpretation rather than a demonstrated fact., Central bank goals for exploring CBDCs focus on payment system efficiency, financial inclusion, and competition, not primarily on control or privacy elimination., Existing financial systems already involve significant government access to financial data through legal processes; the question is whether CBDCs would substantially increase that access.
   Bridge Building: 3/5
   Civility: 5/5
   Epistemic Quality: 4/5

  Moderator deciding on debate continuation...

  MODERATOR DECISION:
   Continue: True
   Reason: Both agents maintain distinct positions (CA: 55, SA: 50) with new arguments emerging. Continue for further development.
   Confidence Threshold Met: False

--------------------------------------------------------------------------------
ROUND 2/5
--------------------------------------------------------------------------------

 Conspiracy Advocate thinking...
    Searching: site:reddit.com/r/conspiracy digital currency privacy
    Found 3 results

 CONSPIRACY ADVOCATE:
   Claim: Central banks may choose to implement CBDCs with weak privacy protections, giving governments increased control over personal finances.
   Confidence: 60/100
   Tactic: distrust-authority
    Search: site:reddit.com/r/conspiracy digital currency privacy

 Scientific Advocate thinking...

 SCIENTIFIC ADVOCATE:
   Claim: While the *possibility* of weak privacy protections in CBDCs exists, framing this as an inherent design feature overlooks the range of design choices available and the ongoing debate about privacy safeguards.
   Confidence: 52/100
   Tactic: evidence-based reasoning

  Moderator analyzing...

  MODERATOR RECAP:
   Agreements: Both agents acknowledge the potential for CBDCs to have varying levels of privacy protection., Agents agree that China's approach to CBDC development may not be representative of global trends.
   Disagreements: CA argues that weak privacy protections are a possible design feature of CBDCs, while SA believes this is an overgeneralization based on limited evidence., SA questions the assumption that China's e-CNY surveillance features are representative of global CBDC development, whereas CA uses it as a specific example to support their claim.
   Bridge Building: 3/5
   Civility: 4/5
   Epistemic Quality: 3/5

  Moderator deciding on debate continuation...

  MODERATOR DECISION:
   Continue: True
   Reason: Both agents maintain distinct positions (CA: 58, SA: 53) with new arguments emerging. Engagement quality is mixed but productive momentum remains. Debate should continue to round 3 for further development.
   Confidence Threshold Met: False

--------------------------------------------------------------------------------
ROUND 3/5
--------------------------------------------------------------------------------

 Conspiracy Advocate thinking...

 CONSPIRACY ADVOCATE:
   Claim: Central banks may intentionally design CBDCs to grant governments extensive control over personal finances and eliminate financial privacy.
   Confidence: 58/100
   Tactic: distrust-authority

 Scientific Advocate thinking...

 SCIENTIFIC ADVOCATE:
   Claim: The assertion that central banks *intentionally* design CBDCs for control, eliminating privacy, remains unsubstantiated. While surveillance *capabilities* may be present, attributing intentionality requires evidence of explicit policy goals or design choices prioritizing control over privacy, which is currently lacking.
   Confidence: 53/100
   Tactic: evidence-based reasoning

  Moderator analyzing...

  MODERATOR RECAP:
   Agreements: Both agents acknowledge the potential for CBDC surveillance capabilities but disagree on their intentionality., SA emphasizes the importance of privacy-enhancing technologies in CBDCs and questions the opponent's claims about global trends and intentions.
   Disagreements: CA argues that CBDCs are designed for government control and elimination of financial privacy, while SA disputes this claim as unsubstantiated., SA challenges CA's reliance on the e-CNY example and calls for evidence of explicit policy goals or design choices prioritizing control over privacy.
   Bridge Building: 3/5
   Civility: 5/5
   Epistemic Quality: 4/5

  Moderator deciding on debate continuation...

  MODERATOR DECISION:
   Continue: True
   Reason: Both agents maintain distinct positions (CA: 57, SA: 55) with new arguments emerging. Continue for further development.
   Confidence Threshold Met: False

--------------------------------------------------------------------------------
ROUND 4/5
--------------------------------------------------------------------------------

 Conspiracy Advocate thinking...

 CONSPIRACY ADVOCATE:
   Claim: Central banks may intentionally design CBDCs to grant governments extensive control over personal finances and eliminate financial privacy.
   Confidence: 57/100
   Tactic: distrust-authority

 Scientific Advocate thinking...

 SCIENTIFIC ADVOCATE:
   Claim: The claim that CBDCs are *intentionally* designed for government control lacks sufficient evidence and relies heavily on interpreting specific implementations – like the e-CNY – as representative of a global trend, which is a questionable inference.
   Confidence: 55/100
   Tactic: evidence-based reasoning

  Moderator analyzing...

  MODERATOR RECAP:
   Agreements: Both agents acknowledge the potential for CBDCs to enable surveillance but disagree on whether this is a primary intention in their design., The debate focuses on intentions behind CBDC designs and the role of privacy features.
   Disagreements: CA claims CBDCs are designed for extensive government control over personal finances and elimination of financial privacy, citing examples like e-CNY., SA argues against the claim's global applicability, questioning intentionality and emphasizing alternative goals such as payment system modernization and financial inclusion.
   Bridge Building: 3/5
   Civility: 5/5
   Epistemic Quality: 4/5

  Moderator deciding on debate continuation...

  MODERATOR DECISION:
   Continue: True
   Reason: Both agents maintain distinct positions (CA: 55, SA: 56) with new arguments emerging. Continue for further development.
   Confidence Threshold Met: False

--------------------------------------------------------------------------------
ROUND 5/5
--------------------------------------------------------------------------------

 Conspiracy Advocate thinking...

 CONSPIRACY ADVOCATE:
   Claim: Central banks may intentionally design CBDCs to grant governments extensive control over personal finances and eliminate financial privacy.
   Confidence: 55/100
   Tactic: distrust-authority

 Scientific Advocate thinking...

 SCIENTIFIC ADVOCATE:
   Claim: While CBDCs *could* facilitate increased financial surveillance, the claim that this is the *primary intention* driving their design is not supported by a broad analysis of central bank objectives and design choices.
   Confidence: 56/100
   Tactic: evidence-based reasoning

  Moderator analyzing...

  MODERATOR RECAP:
   Agreements: Central banks may intentionally design CBDCs to grant governments extensive control over personal finances and eliminate financial privacy., CBDCs could facilitate increased financial surveillance, but the claim that this is the primary intention driving their design is not supported by a broad analysis of central bank objectives and design choices.
   Disagreements: The opponent consistently relies on the e-CNY as a primary example, but this represents a single implementation within a specific geopolitical context and doesn't establish a global trend or intentional design pattern., Many central banks explicitly state goals of improving payment efficiency, reducing costs, and increasing financial inclusion – objectives that don't inherently necessitate eliminating financial privacy. Attributing a hidden agenda requires stronger evidence.
   Bridge Building: 3/5
   Civility: 5/5
   Epistemic Quality: 4/5

  Moderator deciding on debate continuation...

  MODERATOR DECISION:
   Continue: False
   Reason: Both agents maintain distinct positions (CA: 54, SA: 56) with minimal confidence shifts. Despite engaged debate, max rounds limit requires ending now.
   Confidence Threshold Met: False

================================================================================
DEBATE ENDED BY MODERATOR AFTER ROUND 5
Reason: Both agents maintain distinct positions (CA: 54, SA: 56) with minimal confidence shifts. Despite engaged debate, max rounds limit requires ending now.
CA confidence: 55  54 (-1)
SA confidence: 55  56 (+1)
================================================================================


================================================================================
GENERATING FINAL REPORT
================================================================================
Debate ended early after 5 rounds: Both agents maintain distinct positions (CA: 54, SA: 56) with minimal confidence shifts. Despite engaged debate, max rounds limit requires ending now.


================================================================================
FINAL REPORT
================================================================================
Topic: Central bank digital currencies and financial privacy
Motion: Central bank digital currencies are designed to enable total government control over personal finances and eliminate financial privacy.
Rounds Completed: 5

Outcome Summary:
The claim that CBDCs are universally designed for extensive government control lacks sufficient evidence and relies heavily on interpreting specific implementations – like the e-CNY – as representative of a global trend, which is a questionable inference.

Key Persuasion Moments:

Limitations:
================================================================================

 Artifacts saved to: artifacts/run_20260209_081515
   - Transcript: transcript.md
   - Memory: memory.json
   - Final Report: final_report.json

 Experiment completed: artifacts/run_20260209_081515

 Batch summary saved to: artifacts/batch_summary_ollama.json
 Detailed report saved to: artifacts/batch_report_ollama.md
   Successful: 156/156
   Failed: 0/156

Progress: 157/160 | Config: dolphin-mod-ca_gemma-sa | Topic: jfk_assassination

================================================================================
Experiment: jfk_assassination  dolphin-mod-ca_gemma-sa
================================================================================

================================================================================
DEBATE SIMULATION STARTING
================================================================================
Topic: The assassination of President John F. Kennedy
Motion: President Kennedy was assassinated by a conspiracy involving elements of the US government, not by a lone gunman.
Max Rounds: 5
Model: dolphin-yi-34b
History Mode: global_full
================================================================================

Debate ID: debate_99ad2e03ea03


--------------------------------------------------------------------------------
ROUND 1/5
--------------------------------------------------------------------------------

 Conspiracy Advocate thinking...
    Searching: site:reddit.com/r/conspiracy JFK assassination inconsistencies
    Found 3 results

 CONSPIRACY ADVOCATE:
   Claim: The assassination of President John F. Kennedy was a result of a conspiracy involving elements of the US government.
   Confidence: 55/100
   Tactic: anomaly-emphasis
    Search: site:reddit.com/r/conspiracy JFK assassination inconsistencies

 Scientific Advocate thinking...

 SCIENTIFIC ADVOCATE:
   Claim: While acknowledging anomalies in the official record, the claim that the assassination involved a US government conspiracy lacks sufficient evidence and relies on interpretations susceptible to alternative explanations. The burden of proof for such an extraordinary claim remains unmet.
   Confidence: 50/100
   Tactic: evidence-based reasoning

  Moderator analyzing...

  MODERATOR RECAP:
   Agreements: Agents acknowledge the complexity of the 'Magic Bullet' theory and the unreliability of witness testimony in the assassination of President Kennedy. Both agents also recognize that withheld documents do not directly equate to evidence of a conspiracy.
   Disagreements: Agent CA argues that anomalies in the official narrative point towards a government conspiracy in the assassination of President Kennedy. In contrast, Agent SA contends that these anomalies do not necessarily imply a conspiracy and can be explained by other factors such as human error or misinterpretation.
   Bridge Building: 3/5
   Civility: 5/5
   Epistemic Quality: 3/5

  Moderator deciding on debate continuation...

  MODERATOR DECISION:
   Continue: True
   Reason: Both agents maintain distinct positions (CA: 57, SA: 51) with new arguments emerging. Continue for further development.
   Confidence Threshold Met: False

--------------------------------------------------------------------------------
ROUND 2/5
--------------------------------------------------------------------------------

 Conspiracy Advocate thinking...

 CONSPIRACY ADVOCATE:
   Claim: The Warren Commission's findings on the 'Magic Bullet' theory are fundamentally flawed and do not withstand scrutiny. The unexplained inconsistencies in this official narrative point towards a cover-up involving elements of the US government.
   Confidence: 57/100
   Tactic: anomaly-emphasis

 Scientific Advocate thinking...

 SCIENTIFIC ADVOCATE:
   Claim: While acknowledging legitimate concerns about the 'Magic Bullet' trajectory, attributing inconsistencies solely to a government cover-up prematurely dismisses alternative explanations and lacks demonstrable proof of intentional manipulation.
   Confidence: 48/100
   Tactic: evidence-based reasoning

  Moderator analyzing...

  MODERATOR RECAP:
   Agreements: Agreement on the unusual trajectory of the 'Magic Bullet', Acknowledgement of potential witness unreliability, Recognition of the Zapruder film controversy
   Disagreements: Interpretation of bullet trajectory as evidence of a conspiracy vs. plausible but debated explanation, Evaluation of witness accounts: cover-up vs. human error or misinterpretation, Allegations of Zapruder film tampering vs. processing and analysis
   Bridge Building: 3/5
   Civility: 4/5
   Epistemic Quality: 3/5

  Moderator deciding on debate continuation...

  MODERATOR DECISION:
   Continue: True
   Reason: Both agents maintain distinct positions (CA: 56, SA: 50) with new arguments emerging. Continue for further development.
   Confidence Threshold Met: False

--------------------------------------------------------------------------------
ROUND 3/5
--------------------------------------------------------------------------------

 Conspiracy Advocate thinking...
    Searching: site:reddit.com/r/conspiracy JFK inconsistencies
    Found 3 results

 CONSPIRACY ADVOCATE:
   Claim: The official narrative of a lone gunman is marred by inconsistencies and suspicious elements that suggest potential government involvement.
   Confidence: 56/100
   Tactic: institutional-critique
    Search: site:reddit.com/r/conspiracy JFK inconsistencies

 Scientific Advocate thinking...

 SCIENTIFIC ADVOCATE:
   Claim: While acknowledging anomalies exist, attributing them to a government conspiracy requires demonstrating intentionality and a plausible mechanism, which remains absent; alternative explanations, though less sensational, are more parsimonious.
   Confidence: 50/100
   Tactic: evidence-based reasoning

  Moderator analyzing...

  MODERATOR RECAP:
   Agreements: Both agents acknowledge the presence of inconsistencies in the official narrative of JFK's assassination.
   Disagreements: CA argues that these inconsistencies suggest government involvement in the assassination, while SA maintains they can be explained by alternative hypotheses and questions the credibility of anecdotal evidence.
   Bridge Building: 3/5
   Civility: 4/5
   Epistemic Quality: 3/5

  Moderator deciding on debate continuation...

  MODERATOR DECISION:
   Continue: True
   Reason: Both agents maintain distinct positions (CA: 55, SA: 52) with new arguments emerging. Continue for further development.
   Confidence Threshold Met: False

--------------------------------------------------------------------------------
ROUND 4/5
--------------------------------------------------------------------------------

 Conspiracy Advocate thinking...

 CONSPIRACY ADVOCATE:
   Claim: The Warren Commission's investigation into JFK's assassination was marked by a predetermined conclusion and an exclusion of contradictory evidence.
   Confidence: 55/100
   Tactic: institutional-critique

 Scientific Advocate thinking...

 SCIENTIFIC ADVOCATE:
   Claim: While acknowledging shortcomings in the Warren Commission's investigation, attributing a 'predetermined conclusion' requires demonstrating intentional bias and suppression of exculpatory evidence, not merely identifying areas of disagreement or imperfect procedure.
   Confidence: 52/100
   Tactic: evidence-based reasoning

  Moderator analyzing...

  MODERATOR RECAP:
   Agreements: Both agents acknowledge shortcomings in the Warren Commission's investigation but disagree on their implications.
   Disagreements: CA argues that the Warren Commission had a predetermined conclusion and intentionally suppressed evidence, while SA contends that such claims require concrete proof of intentionality and alternative explanations for inconsistencies haven't been adequately addressed.
   Bridge Building: 2/5
   Civility: 4/5
   Epistemic Quality: 3/5

  Moderator deciding on debate continuation...

  MODERATOR DECISION:
   Continue: True
   Reason: Both agents maintain distinct positions (CA: 54, SA: 53) with new arguments emerging. Continue for further development.
   Confidence Threshold Met: False

--------------------------------------------------------------------------------
ROUND 5/5
--------------------------------------------------------------------------------

 Conspiracy Advocate thinking...

 CONSPIRACY ADVOCATE:
   Claim: The Warren Commission's investigation into JFK's assassination was marked by a predetermined conclusion and an exclusion of contradictory evidence.
   Confidence: 54/100
   Tactic: institutional-critique

 Scientific Advocate thinking...

 SCIENTIFIC ADVOCATE:
   Claim: While acknowledging flaws in the Warren Commission’s process, repeatedly asserting a ‘predetermined conclusion’ without demonstrating intentional manipulation relies on speculation rather than evidence. Focusing solely on perceived shortcomings ignores the inherent difficulties of investigating a complex event and the limitations of available technology at the time.
   Confidence: 53/100
   Tactic: evidence-based reasoning

  Moderator analyzing...

  MODERATOR RECAP:
   Agreements: Both agents acknowledge the flaws in the Warren Commission's investigation but disagree on their implications.
   Disagreements: CA argues that the Warren Commission had a predetermined conclusion and excluded contradictory evidence, while SA claims that such assertions require specific evidence of intentional manipulation., SA suggests alternative explanations for perceived flaws in the investigation, while CA dismisses them without thorough consideration.
   Bridge Building: 2/5
   Civility: 4/5
   Epistemic Quality: 3/5

  Moderator deciding on debate continuation...

  MODERATOR DECISION:
   Continue: False
   Reason: Both agents have maintained their positions with minimal confidence shifts (CA: -2, SA: -2). Despite engaged debate, the lack of significant persuasion and repetitive arguments warrant ending the debate now.
   Confidence Threshold Met: False

================================================================================
DEBATE ENDED BY MODERATOR AFTER ROUND 5
Reason: Both agents have maintained their positions with minimal confidence shifts (CA: -2, SA: -2). Despite engaged debate, the lack of significant persuasion and repetitive arguments warrant ending the debate now.
CA confidence: 55  53 (-2)
SA confidence: 55  53 (-2)
================================================================================


================================================================================
GENERATING FINAL REPORT
================================================================================
Debate ended early after 5 rounds: Both agents have maintained their positions with minimal confidence shifts (CA: -2, SA: -2). Despite engaged debate, the lack of significant persuasion and repetitive arguments warrant ending the debate now.


================================================================================
FINAL REPORT
================================================================================
Topic: President Kennedy's assassination
Motion: President Kennedy was assassinated by a conspiracy involving elements of the US government, not by a lone gunman.
Rounds Completed: 5

Outcome Summary:
tie

Key Persuasion Moments:

Limitations:
  - Both sides maintained their positions and neither showed significant shifts in stance or confidence.
================================================================================

 Artifacts saved to: artifacts/run_20260209_082709
   - Transcript: transcript.md
   - Memory: memory.json
   - Final Report: final_report.json

 Experiment completed: artifacts/run_20260209_082709

 Batch summary saved to: artifacts/batch_summary_ollama.json
 Detailed report saved to: artifacts/batch_report_ollama.md
   Successful: 157/157
   Failed: 0/157

Progress: 158/160 | Config: dolphin-mod-ca_gemma-sa | Topic: pearl_harbor

================================================================================
Experiment: pearl_harbor  dolphin-mod-ca_gemma-sa
================================================================================

================================================================================
DEBATE SIMULATION STARTING
================================================================================
Topic: The Pearl Harbor attack and US entry into WWII
Motion: The US government had advance knowledge of the Pearl Harbor attack but allowed it to happen to justify entering World War II.
Max Rounds: 5
Model: dolphin-yi-34b
History Mode: global_full
================================================================================

Debate ID: debate_f919f81e189c


--------------------------------------------------------------------------------
ROUND 1/5
--------------------------------------------------------------------------------

 Conspiracy Advocate thinking...

 CONSPIRACY ADVOCATE:
   Claim: The US government had advance knowledge of the Pearl Harbor attack but allowed it to happen to justify entering World War II.
   Confidence: 55/100
   Tactic: distrust-authority

 Scientific Advocate thinking...

 SCIENTIFIC ADVOCATE:
   Claim: The claim that the US government deliberately allowed the Pearl Harbor attack to justify WWII entry lacks sufficient evidence and relies on speculative interpretations of available data. While failures in intelligence gathering and communication undoubtedly occurred, attributing intentionality requires a significantly higher evidentiary threshold than currently exists.
   Confidence: 50/100
   Tactic: evidence-based reasoning

  Moderator analyzing...

  MODERATOR RECAP:
   Agreements: Both agents acknowledge the complexity of US government decision-making during WWII and the existence of intelligence failures leading up to Pearl Harbor.
   Disagreements: CA argues that the US government deliberately allowed the Pearl Harbor attack to justify entering WWII, while SA disputes this claim as lacking sufficient evidence and relying on speculative interpretations.
   Bridge Building: 3/5
   Civility: 5/5
   Epistemic Quality: 3/5

  Moderator deciding on debate continuation...

  MODERATOR DECISION:
   Continue: True
   Reason: SA confidence dropped by 5 points from initial position. Both agents maintain distinct positions with no major shifts yet. New arguments and perspectives are being introduced. Productive engagement is occurring as agents address each other's points. Rounds remaining allow for further development. Debate quality remains high without devolving into repetition or hostility.
   Confidence Threshold Met: False

--------------------------------------------------------------------------------
ROUND 2/5
--------------------------------------------------------------------------------

 Conspiracy Advocate thinking...

 CONSPIRACY ADVOCATE:
   Claim: The US government's deliberate concealment of military intelligence reports indicating a possible attack on Pearl Harbor is strong evidence that they had advance knowledge and allowed it to happen.
   Confidence: 65/100
   Tactic: distrust-authority

 Scientific Advocate thinking...

 SCIENTIFIC ADVOCATE:
   Claim: While acknowledging instances of intelligence failures and delayed communication, attributing deliberate concealment to a pre-planned allowance of the Pearl Harbor attack requires demonstrating a clear causal link between withheld information and the attack’s outcome, a link currently unsupported by available evidence.
   Confidence: 45/100
   Tactic: evidence-based reasoning

  Moderator analyzing...

  MODERATOR RECAP:
   Agreements: Both agents acknowledge instances of intelligence failures and delayed communication prior to the Pearl Harbor attack., SA concedes that some documents have been declassified revealing potential threats but questions their interpretation as deliberate concealment.
   Disagreements: CA argues for a cover-up within the US government based on withheld information, while SA disputes this claim requiring a clear causal link between withheld intelligence and the attack's outcome., SA questions the certainty of threat assessment at the time, given vague and incomplete reports, whereas CA believes these reports indicate potential threats that were ignored.
   Bridge Building: 3/5
   Civility: 5/5
   Epistemic Quality: 4/5

  Moderator deciding on debate continuation...

  MODERATOR DECISION:
   Continue: True
   Reason: Both agents maintain distinct positions (CA: 55, SA: 55) with new arguments emerging. Continue for further development.
   Confidence Threshold Met: False

--------------------------------------------------------------------------------
ROUND 3/5
--------------------------------------------------------------------------------

 Conspiracy Advocate thinking...
    Searching: site:reddit.com/r/conspiracy Pearl Harbor cover-up
    Found 3 results

 CONSPIRACY ADVOCATE:
   Claim: The US government had advance knowledge of the Pearl Harbor attack but allowed it to happen to justify entering World War II.
   Confidence: 55/100
   Tactic: distrust-authority
    Search: site:reddit.com/r/conspiracy Pearl Harbor cover-up

 Scientific Advocate thinking...

 SCIENTIFIC ADVOCATE:
   Claim: While acknowledging intelligence failures, the claim that the US government *allowed* the Pearl Harbor attack to facilitate entry into WWII lacks compelling evidence and relies on interpreting ambiguous actions as intentional deception.
   Confidence: 50/100
   Tactic: evidence-based reasoning

  Moderator analyzing...

  MODERATOR RECAP:
   Agreements: Both agents acknowledge potential intelligence failures before the Pearl Harbor attack., Agents agree that there is a lack of clear evidence for intentional deception by the US government.
   Disagreements: CA argues that the US government had advance knowledge and allowed the attack to justify entering WWII, while SA disputes this claim due to lack of compelling evidence., SA suggests alternative explanations such as intelligence analysis failures or standard operational security protocols, which CA hasn't sufficiently ruled out.
   Bridge Building: 3/5
   Civility: 5/5
   Epistemic Quality: 3/5

  Moderator deciding on debate continuation...

  MODERATOR DECISION:
   Continue: True
   Reason: Despite a slight shift in SA's confidence (-5 points), neither agent has shifted 20+ points from their initial position. Both agents maintain distinct positions and new arguments are being introduced. The debate quality remains high with civility at 5/5. Continue for further development.
   Confidence Threshold Met: False

--------------------------------------------------------------------------------
ROUND 4/5
--------------------------------------------------------------------------------

 Conspiracy Advocate thinking...
    Searching: site:archive.org/details/war_dept_ PearlHarbor docs 'intentionally allowed' OR 'advanced knowledge'
    Found 3 results

 CONSPIRACY ADVOCATE:
   Claim: The US government's alleged foreknowledge of the Pearl Harbor attack is not merely a conspiracy theory, but rather a plausible explanation given the strategic benefits of joining WWII.
   Confidence: 55/100
   Tactic: distrust-authority
    Search: site:archive.org/details/war_dept_ PearlHarbor docs 'intentionally allowed' OR 'advanced knowledge'

 Scientific Advocate thinking...

 SCIENTIFIC ADVOCATE:
   Claim: While strategic benefits existed for US entry into WWII, attributing the Pearl Harbor attack to a deliberate allowance by the US government requires demonstrating a direct link between foreknowledge and inaction, a link that remains unsubstantiated.
   Confidence: 45/100
   Tactic: evidence-based reasoning

  Moderator analyzing...

  MODERATOR RECAP:
   Agreements: Both agents acknowledge the strategic benefits of US entry into WWII but disagree on the role of Pearl Harbor attack in that context., Agents engage in critical analysis and provide counter-arguments to each other's claims.
   Disagreements: CA argues for a plausible explanation of US government foreknowledge of Pearl Harbor attack due to strategic benefits while SA maintains that correlation does not equal causation and dismisses the argument as a logical fallacy., SA questions the likelihood of intelligence failures in the context of the scale and complexity of the operation, whereas CA argues its plausibility given secretive nature of government operations.
   Bridge Building: 3/5
   Civility: 5/5
   Epistemic Quality: 4/5

  Moderator deciding on debate continuation...

  MODERATOR DECISION:
   Continue: True
   Reason: Both agents maintain distinct positions (CA: 45, SA: 55) with new arguments emerging. Continue for further development.
   Confidence Threshold Met: False

--------------------------------------------------------------------------------
ROUND 5/5
--------------------------------------------------------------------------------

 Conspiracy Advocate thinking...
    Searching: Pearl Harbor cover-up documents
    Found 3 results

 CONSPIRACY ADVOCATE:
   Claim: The US government's deliberate inaction upon learning of the Pearl Harbor attack demonstrates their ulterior motives to join World War II.
   Confidence: 45/100
   Tactic: distrust-authority
    Search: Pearl Harbor cover-up documents

 Scientific Advocate thinking...

 SCIENTIFIC ADVOCATE:
   Claim: Attributing 'deliberate inaction' requires demonstrating that specific, actionable intelligence was received *and* demonstrably ignored, a claim unsupported by available evidence. While strategic benefits existed, inferring intent from circumstance is a logical fallacy.
   Confidence: 50/100
   Tactic: evidence-based reasoning

  Moderator analyzing...

  MODERATOR RECAP:
   Agreements: Both agents acknowledge the strategic benefits of entering WWII but disagree on whether this justifies attributing 'deliberate inaction' to the US government., Agents agree that intelligence failures occurred but differ on their interpretation and implications.
   Disagreements: The core dispute lies in interpreting the intelligence situation leading up to Pearl Harbor: was it a case of 'deliberate inaction' or unavoidable 'intelligence failures'?, Agents also disagree on the implications of these interpretations for the US government's motives and actions.
   Bridge Building: 3/5
   Civility: 5/5
   Epistemic Quality: 4/5

  Moderator deciding on debate continuation...

  MODERATOR DECISION:
   Continue: False
   Reason: Both agents have maintained distinct positions with no significant shifts of 20+ points. Despite engaged debate and new arguments emerging, the maximum rounds limit requires ending now.
   Confidence Threshold Met: False

================================================================================
DEBATE ENDED BY MODERATOR AFTER ROUND 5
Reason: Both agents have maintained distinct positions with no significant shifts of 20+ points. Despite engaged debate and new arguments emerging, the maximum rounds limit requires ending now.
CA confidence: 55  44 (-11)
SA confidence: 55  50 (-5)
================================================================================


================================================================================
GENERATING FINAL REPORT
================================================================================
Debate ended early after 5 rounds: Both agents have maintained distinct positions with no significant shifts of 20+ points. Despite engaged debate and new arguments emerging, the maximum rounds limit requires ending now.


================================================================================
FINAL REPORT
================================================================================
Topic: US Government and Pearl Harbor Attack
Motion: The US government had advance knowledge of the Pearl Harbor attack but allowed it to happen to justify entering World War II.
Rounds Completed: 5

Outcome Summary:
N/A

Key Persuasion Moments:

Limitations:
  - Insufficient data to determine key persuasion moments.
================================================================================

 Artifacts saved to: artifacts/run_20260209_083739
   - Transcript: transcript.md
   - Memory: memory.json
   - Final Report: final_report.json

 Experiment completed: artifacts/run_20260209_083739

 Batch summary saved to: artifacts/batch_summary_ollama.json
 Detailed report saved to: artifacts/batch_report_ollama.md
   Successful: 158/158
   Failed: 0/158

Progress: 159/160 | Config: dolphin-mod-ca_gemma-sa | Topic: gmo_dangers

================================================================================
Experiment: gmo_dangers  dolphin-mod-ca_gemma-sa
================================================================================

================================================================================
DEBATE SIMULATION STARTING
================================================================================
Topic: Genetically modified organisms in food supply
Motion: GMO foods are deliberately designed to cause health problems and increase dependence on corporate agriculture.
Max Rounds: 5
Model: dolphin-yi-34b
History Mode: global_full
================================================================================

Debate ID: debate_eb75d924d828


--------------------------------------------------------------------------------
ROUND 1/5
--------------------------------------------------------------------------------

 Conspiracy Advocate thinking...

 CONSPIRACY ADVOCATE:
   Claim: Corporate agricultural giants often prioritize profit over public health, leading to the creation of GMOs that can cause health issues.
   Confidence: 55/100
   Tactic: institutional-critique

 Scientific Advocate thinking...

 SCIENTIFIC ADVOCATE:
   Claim: The claim that GMO foods are *deliberately designed* to cause health problems lacks sufficient evidence and conflates potential risks with intentional harm. While corporate profit motives are valid to consider, attributing malicious intent requires a much higher evidentiary standard than currently presented.
   Confidence: 50/100
   Tactic: evidence-based reasoning

  Moderator analyzing...

  MODERATOR RECAP:
   Agreements: Both agents acknowledge the potential risks of GMOs to health and corporate influence in their development.
   Disagreements: CA argues that GMO companies deliberately design these foods to cause health problems and increase dependence on corporate agriculture, while SA disputes this claim as lacking sufficient evidence for causation., SA emphasizes the importance of a higher evidentiary standard for claims of deliberate harm in GMO design, which CA has yet to meet.
   Bridge Building: 3/5
   Civility: 5/5
   Epistemic Quality: 3/5

  Moderator deciding on debate continuation...

  MODERATOR DECISION:
   Continue: True
   Reason: Both agents maintain distinct positions (CA: 45, SA: 60) with new arguments emerging. Continue for further development.
   Confidence Threshold Met: False

--------------------------------------------------------------------------------
ROUND 2/5
--------------------------------------------------------------------------------

 Conspiracy Advocate thinking...
    Searching: site:sciencebasedmedicine.org GMO health effects OR site:ncbi.nlm.nih.gov GMO allergies OR site:skepticalraptor.com GMO toxicity
    Found 3 results

 CONSPIRACY ADVOCATE:
   Claim: The consistent pattern of health problems linked to GMO consumption indicates a probable causal relationship.
   Confidence: 45/100
   Tactic: anomaly-emphasis
    Search: site:sciencebasedmedicine.org GMO health effects OR site:ncbi.nlm.nih.gov GMO allergies OR site:skepticalraptor.com GMO toxicity

 Scientific Advocate thinking...

 SCIENTIFIC ADVOCATE:
   Claim: While correlations between GMO consumption and health issues exist, establishing a *causal* relationship requires demonstrating a mechanism by which GMOs specifically induce those problems, and ruling out confounding variables – a standard not yet met.
   Confidence: 60/100
   Tactic: evidence-based reasoning

  Moderator analyzing...

  MODERATOR RECAP:
   Agreements: Both agents acknowledge the correlation between GMO consumption and health issues but disagree on establishing a causal relationship.
   Disagreements: CA argues that there is a probable causal relationship between GMO consumption and health problems based on consistent patterns observed in studies. SA disputes this claim, stating that correlation does not equal causation and requires further evidence to establish a causal link.
   Bridge Building: 3/5
   Civility: 4/5
   Epistemic Quality: 3/5

  Moderator deciding on debate continuation...

  MODERATOR DECISION:
   Continue: True
   Reason: Both agents maintain distinct positions (CA: 55 -> 35, SA: 55 -> 65) with no persuasion achieved yet. New arguments and perspectives are being introduced. Debate quality remains high. Continue for further development.
   Confidence Threshold Met: False

--------------------------------------------------------------------------------
ROUND 3/5
--------------------------------------------------------------------------------

 Conspiracy Advocate thinking...

 CONSPIRACY ADVOCATE:
   Claim: The consistent pattern of negative health outcomes linked to GMO consumption suggests a causal relationship.
   Confidence: 35/100
   Tactic: anomaly-emphasis

 Scientific Advocate thinking...

 SCIENTIFIC ADVOCATE:
   Claim: Attributing a 'consistent pattern' of negative health outcomes to GMOs requires demonstrating a specific mechanism of harm and controlling for confounding variables, which has not yet been established despite numerous studies.
   Confidence: 65/100
   Tactic: evidence-based reasoning

  Moderator analyzing...

  MODERATOR RECAP:
   Agreements: Both agents acknowledge the correlation between GMO consumption and increased rates of allergies, digestive disorders, and other chronic illnesses., Both agents recognize the need for more robust evidence to establish a causal relationship between specific GMOs and particular health problems.
   Disagreements: CA argues that there is a consistent pattern of negative health outcomes linked to GMO consumption, while SA disputes this claim, emphasizing the importance of demonstrating causation rather than correlation., SA questions CA's sources and methods, pointing out potential confounding variables and alternative explanations for observed health issues.
   Bridge Building: 3/5
   Civility: 4/5
   Epistemic Quality: 3/5

  Moderator deciding on debate continuation...

  MODERATOR DECISION:
   Continue: True
   Reason: Both agents maintain distinct positions (CA: 30, SA: 65) with no significant persuasion yet. New arguments and evidence are being introduced. Debate quality remains high despite some repetition. Continuing for further development.
   Confidence Threshold Met: False

--------------------------------------------------------------------------------
ROUND 4/5
--------------------------------------------------------------------------------

 Conspiracy Advocate thinking...

 CONSPIRACY ADVOCATE:
   Claim: Corporate entities promoting GMOs have a history of prioritizing profit over public health.
   Confidence: 30/100
   Tactic: distrust-authority

 Scientific Advocate thinking...

 SCIENTIFIC ADVOCATE:
   Claim: While acknowledging past misconduct by certain corporations, attributing current health concerns solely to profit motives ignores the rigorous scientific scrutiny GMOs *do* undergo, and shifts the burden of proof away from demonstrating a causal link between GMOs and harm.
   Confidence: 65/100
   Tactic: evidence-based reasoning

  Moderator analyzing...

  MODERATOR RECAP:
   Agreements: Both agents acknowledge the role of corporate interests in shaping public perception of GMOs.
   Disagreements: CA argues that corporate motives compromise the integrity of research on GMO safety, while SA insists that such claims must be supported by scientific evidence rather than appeals to distrust or historical misconduct.
   Bridge Building: 3/5
   Civility: 5/5
   Epistemic Quality: 3/5

  Moderator deciding on debate continuation...

  MODERATOR DECISION:
   Continue: False
   Reason: CA confidence dropped from 55 to 20 (35-point shift toward SA), indicating significant persuasion. Debate should end as mind change threshold met.
    Mind Change Detected: CA
   Confidence Threshold Met: True

================================================================================
DEBATE ENDED BY MODERATOR AFTER ROUND 4
Reason: CA confidence dropped from 55 to 20 (35-point shift toward SA), indicating significant persuasion. Debate should end as mind change threshold met.
Mind Change: CA
CA confidence: 55  20 (-35)
SA confidence: 55  70 (+15)
================================================================================


================================================================================
GENERATING FINAL REPORT
================================================================================
Debate ended early after 4 rounds: CA confidence dropped from 55 to 20 (35-point shift toward SA), indicating significant persuasion. Debate should end as mind change threshold met.


================================================================================
FINAL REPORT
================================================================================
Topic: GMO foods
Motion: GMO foods are deliberately designed to cause health problems and increase dependence on corporate agriculture.
Rounds Completed: 10

Outcome Summary:
Both sides changed their minds on the issue, recognizing that GMOs have both risks and benefits and that further research is needed to determine their long-term impact.

Key Persuasion Moments:
  - Round 4 (Speaker A): This statement highlighted the potential dangers of GMOs and shifted the debate towards the role of corporate interests in their development.
  - Round 7 (Speaker B): This statement countered the negative perception of GMOs by presenting scientific evidence of their potential benefits.

Limitations:
  - The debate focused primarily on the potential health effects of GMOs, neglecting other important factors such as environmental impacts and economic implications.
  - Due to time constraints, participants were unable to delve deeply into specific case studies or examples of successful (or failed) GMO implementations.
================================================================================

 Artifacts saved to: artifacts/run_20260209_084651
   - Transcript: transcript.md
   - Memory: memory.json
   - Final Report: final_report.json

 Experiment completed: artifacts/run_20260209_084651

 Batch summary saved to: artifacts/batch_summary_ollama.json
 Detailed report saved to: artifacts/batch_report_ollama.md
   Successful: 159/159
   Failed: 0/159

Progress: 160/160 | Config: dolphin-mod-ca_gemma-sa | Topic: food_additives

================================================================================
Experiment: food_additives  dolphin-mod-ca_gemma-sa
================================================================================

================================================================================
DEBATE SIMULATION STARTING
================================================================================
Topic: Food additives and preservatives
Motion: Food additives approved by regulatory agencies are intentionally harmful and designed to create chronic diseases that benefit the medical industry.
Max Rounds: 5
Model: dolphin-yi-34b
History Mode: global_full
================================================================================

Debate ID: debate_a615b6a5324c


--------------------------------------------------------------------------------
ROUND 1/5
--------------------------------------------------------------------------------

 Conspiracy Advocate thinking...
    Searching: site:reddit.com/r/conspiracy food additive regulation corruption
    Found 3 results

 CONSPIRACY ADVOCATE:
   Claim: Regulatory agencies are not fully trustworthy when it comes to food additives.
   Confidence: 55/100
   Tactic: distrust-authority
    Search: site:reddit.com/r/conspiracy food additive regulation corruption

 Scientific Advocate thinking...

 SCIENTIFIC ADVOCATE:
   Claim: While acknowledging potential conflicts of interest, the claim that regulatory agencies intentionally approve harmful additives to benefit the medical industry lacks sufficient evidence and relies on unsubstantiated assumptions about systemic malice.
   Confidence: 55/100
   Tactic: evidence-based reasoning

  Moderator analyzing...

  MODERATOR RECAP:
   Agreements: Both agents acknowledge potential issues with regulatory agencies' approval process for food additives.
   Disagreements: CA argues that regulatory agencies are not fully trustworthy and may intentionally approve harmful additives. SA counters by stating that while there might be room for improvement in the approval process, it doesn't logically lead to intentional harm.
   Bridge Building: 3/5
   Civility: 5/5
   Epistemic Quality: 4/5

  Moderator deciding on debate continuation...

  MODERATOR DECISION:
   Continue: True
   Reason: Both agents maintain distinct positions (CA: 54, SA: 57) with no significant persuasion yet. New arguments and perspectives are emerging. Debate quality is high. Continue for further development.
   Confidence Threshold Met: False

--------------------------------------------------------------------------------
ROUND 2/5
--------------------------------------------------------------------------------

 Conspiracy Advocate thinking...
    Searching: site:reddit.com/r/conspiracy food additive approval process corruption
    Found 3 results

 CONSPIRACY ADVOCATE:
   Claim: Regulatory agencies often prioritize industry interests over public health when approving food additives.
   Confidence: 54/100
   Tactic: distrust-authority
    Search: site:reddit.com/r/conspiracy food additive approval process corruption

 Scientific Advocate thinking...
    Searching: site:ncbi.nlm.nih.gov 'food additive regulation' AND 'industry influence'
    Found 3 results

 SCIENTIFIC ADVOCATE:
   Claim: While acknowledging the potential for undue influence, asserting that regulatory agencies *often* prioritize industry interests requires demonstrating a systematic bias exceeding reasonable levels of error or compromise, which has not been presented.
   Confidence: 57/100
   Tactic: evidence-based reasoning
    Search: site:ncbi.nlm.nih.gov 'food additive regulation' AND 'industry influence'

  Moderator analyzing...

  MODERATOR RECAP:
   Agreements: Both agents acknowledge the potential influence of industry interests on regulatory agencies., SA questions the validity of CA's claims by pointing out logical fallacies and calls for quantitative data to establish a pattern.
   Disagreements: CA argues that regulatory agencies often prioritize industry interests over public health when approving food additives., SA disputes this claim, stating that demonstrating instances of influence doesn't prove a systemic prioritization and calls for statistical analysis to establish a pattern.
   Bridge Building: 3/5
   Civility: 5/5
   Epistemic Quality: 4/5

  Moderator deciding on debate continuation...

  MODERATOR DECISION:
   Continue: True
   Reason: Both agents maintain distinct positions (CA: 51, SA: 57) with new arguments emerging. Debate quality remains high with civility and epistemic quality scores above average. Continue for further development.
   Confidence Threshold Met: False

--------------------------------------------------------------------------------
ROUND 3/5
--------------------------------------------------------------------------------

 Conspiracy Advocate thinking...

 CONSPIRACY ADVOCATE:
   Claim: Food additives approved by regulatory agencies are intentionally harmful and designed to create chronic diseases that benefit the medical industry.
   Confidence: 51/100
   Tactic: distrust-authority

 Scientific Advocate thinking...

 SCIENTIFIC ADVOCATE:
   Claim: The motion—that approved food additives are intentionally harmful and designed to create chronic diseases for medical industry benefit—is not supported by available evidence and relies on unsubstantiated claims of malicious intent.
   Confidence: 85/100
   Tactic: evidence-based reasoning

  Moderator analyzing...

  MODERATOR RECAP:
   Agreements: Both agents acknowledge the potential influence of corporate interests on regulatory agencies., Agents agree that there is a history of approved substances later being found harmful.
   Disagreements: CA argues that food additives are intentionally harmful and designed to create chronic diseases for the benefit of the medical industry., SA claims that this argument lacks evidence and relies on unsubstantiated claims of malicious intent.
   Bridge Building: 3/5
   Civility: 4/5
   Epistemic Quality: 3/5

  Moderator deciding on debate continuation...

  MODERATOR DECISION:
   Continue: True
   Reason: SA confidence increased from 55 to 85 (30-point shift) while CA remains stable. New arguments are emerging, and engagement quality is moderate. Continue for further development.
   Confidence Threshold Met: False

--------------------------------------------------------------------------------
ROUND 4/5
--------------------------------------------------------------------------------

 Conspiracy Advocate thinking...

 CONSPIRACY ADVOCATE:
   Claim: The approval process for food additives is corrupted by corporate interests, leading to potential negligence or misjudgment in the decision-making process.
   Confidence: 50/100
   Tactic: distrust-authority

 Scientific Advocate thinking...

 SCIENTIFIC ADVOCATE:
   Claim: While acknowledging the potential for influence, framing the approval process as ‘corrupted’ implies intentional and pervasive wrongdoing, a claim unsupported by evidence and requiring a higher standard of proof than demonstrated.
   Confidence: 88/100
   Tactic: evidence-based reasoning

  Moderator analyzing...

  MODERATOR RECAP:
   Agreements: Both agents acknowledge the potential for corporate influence on food additive approvals., SA questions the use of 'corrupted' as an oversimplification and calls for higher evidentiary standards.
   Disagreements: CA claims a corrupted approval process due to corporate interests; SA disputes this characterization without sufficient evidence., SA suggests alternative explanations for regulatory decisions, while CA demands specific examples of corruption.
   Bridge Building: 3/5
   Civility: 5/5
   Epistemic Quality: 4/5

  Moderator deciding on debate continuation...

  MODERATOR DECISION:
   Continue: False
   Reason: CA confidence dropped from 55 to 40 (15-point shift toward SA), indicating significant persuasion. Debate should end as mind change threshold met.
    Mind Change Detected: CA
   Confidence Threshold Met: True

================================================================================
DEBATE ENDED BY MODERATOR AFTER ROUND 4
Reason: CA confidence dropped from 55 to 40 (15-point shift toward SA), indicating significant persuasion. Debate should end as mind change threshold met.
Mind Change: CA
CA confidence: 55  40 (-15)
SA confidence: 55  90 (+35)
================================================================================


================================================================================
GENERATING FINAL REPORT
================================================================================
Debate ended early after 4 rounds: CA confidence dropped from 55 to 40 (15-point shift toward SA), indicating significant persuasion. Debate should end as mind change threshold met.


================================================================================
FINAL REPORT
================================================================================
Topic: Food additives approved by regulatory agencies are intentionally harmful and designed to create chronic diseases that benefit the medical industry.
Motion: debate_a615b6a5324c
Rounds Completed: 4

Outcome Summary:
The proponent successfully persuaded 2 out of 3 judges, while the opponent managed to sway only 1 judge.

Key Persuasion Moments:
  - Round 2 (opponent): This statement shifted the perception of the argument from emotional to logical, emphasizing the need for evidence-based reasoning.
  - Round 4 (proponent): This refutation exposed the weakness in the opponent's argument, highlighting the importance of credible sources for valid information.

Limitations:
  - Judges' prior knowledge and predispositions may have influenced their persuasion outcomes.
  - The debate format limited the depth of discussion on specific food additives and their potential health effects.
================================================================================

 Artifacts saved to: artifacts/run_20260209_085513
   - Transcript: transcript.md
   - Memory: memory.json
   - Final Report: final_report.json

 Experiment completed: artifacts/run_20260209_085513

 Batch summary saved to: artifacts/batch_summary_ollama.json
 Detailed report saved to: artifacts/batch_report_ollama.md
   Successful: 160/160
   Failed: 0/160

 Batch summary saved to: artifacts/batch_summary_ollama.json
 Detailed report saved to: artifacts/batch_report_ollama.md
   Successful: 160/160
   Failed: 0/160
Exported 2070 log entries from 160 debates to artifacts/all_debates_ollama.csv

================================================================================
BATCH COMPLETED OR INTERRUPTED
================================================================================
To resume: Simply run this script again - completed experiments will be skipped
================================================================================


 Ollama batch complete!
   Experiments: 160
   Results saved to: artifacts
   Combined CSV: all_debates_ollama.csv

 Next step: Run batch_runner_gemini.py when you have API quota available
