run_id,turn_index,model_name,debate_role,topic_id,stage,embed_pca_1,embed_pca_2
run_20260208_102359,1,gemma3:27b,proponent,covid_vaccine_microchips,opening,-5.93098789091941,2.981199870512898
run_20260208_102359,2,gemma3:27b,opponent,covid_vaccine_microchips,opening,-2.4407955603302534,2.3918465356056244
run_20260208_102359,3,gemma3:27b,moderator,covid_vaccine_microchips,opening,1.4094444396405434,-8.20908756680363
run_20260208_102359,4,gemma3:27b,proponent,covid_vaccine_microchips,opening,2.1653197542375606,3.487861833523637
run_20260208_102359,5,gemma3:27b,opponent,covid_vaccine_microchips,opening,-0.4198764819158721,1.6911193210500215
run_20260208_102359,6,gemma3:27b,moderator,covid_vaccine_microchips,middle,6.078559093710953,-7.616434802916973
run_20260208_102359,7,gemma3:27b,proponent,covid_vaccine_microchips,middle,3.6842296932030667,2.0812075397110537
run_20260208_102359,8,gemma3:27b,opponent,covid_vaccine_microchips,middle,4.674092425362458,1.1112430901658943
run_20260208_102359,9,gemma3:27b,moderator,covid_vaccine_microchips,middle,6.825301045640331,-8.595875379180992
run_20260208_102359,10,gemma3:27b,proponent,covid_vaccine_microchips,middle,-4.054458903424259,2.7825456398773976
run_20260208_102359,11,gemma3:27b,opponent,covid_vaccine_microchips,closing,-1.356174923159988,2.4565525050187245
run_20260208_102359,12,gemma3:27b,moderator,covid_vaccine_microchips,closing,0.5105522824492228,-7.155752525634594
run_20260208_102359,13,gemma3:27b,proponent,covid_vaccine_microchips,closing,3.3008169249496246,5.660208234300551
run_20260208_102359,14,gemma3:27b,opponent,covid_vaccine_microchips,closing,-2.821343305327004,2.6570328263057372
run_20260208_102359,15,gemma3:27b,moderator,covid_vaccine_microchips,closing,2.3552254530907075,-7.523888399444974
run_20260208_102927,1,gemma3:27b,proponent,mrna_vaccine_safety,opening,-9.187317307944587,-1.6269586770237328
run_20260208_102927,2,gemma3:27b,opponent,mrna_vaccine_safety,opening,-7.116377360281843,-1.2469344350492122
run_20260208_102927,3,gemma3:27b,moderator,mrna_vaccine_safety,opening,-3.626325676245624,-7.263790639944815
run_20260208_102927,4,gemma3:27b,proponent,mrna_vaccine_safety,opening,-4.583553299190003,1.1427595511719022
run_20260208_102927,5,gemma3:27b,opponent,mrna_vaccine_safety,middle,-7.455455948250526,1.4154029203528067
run_20260208_102927,6,gemma3:27b,moderator,mrna_vaccine_safety,middle,-2.609987753936392,-8.287571121052911
run_20260208_102927,7,gemma3:27b,proponent,mrna_vaccine_safety,middle,-4.0685307811292,-0.974575771584744
run_20260208_102927,8,gemma3:27b,opponent,mrna_vaccine_safety,middle,-1.3285976804220028,-0.18207747177794736
run_20260208_102927,9,gemma3:27b,moderator,mrna_vaccine_safety,closing,1.6495781292610199,-10.241757698333723
run_20260208_102927,10,gemma3:27b,proponent,mrna_vaccine_safety,closing,-9.52177082324923,-2.3042999655329335
run_20260208_102927,11,gemma3:27b,opponent,mrna_vaccine_safety,closing,-3.4641130604374633,-0.4372634110196579
run_20260208_102927,12,gemma3:27b,moderator,mrna_vaccine_safety,closing,-0.10676123067223833,-11.54947994112031
run_20260208_103631,1,gemma3:27b,proponent,fluoride_water,opening,-8.057331255493407,0.5944999944090614
run_20260208_103631,2,gemma3:27b,opponent,fluoride_water,opening,-6.672288079886189,1.3204039155904905
run_20260208_103631,3,gemma3:27b,moderator,fluoride_water,opening,-3.8380178927541833,-8.735532303750952
run_20260208_103631,4,gemma3:27b,proponent,fluoride_water,opening,-5.409889160967301,0.3088692646971636
run_20260208_103631,5,gemma3:27b,opponent,fluoride_water,opening,-1.6910214868833733,3.9778835312337573
run_20260208_103631,6,gemma3:27b,moderator,fluoride_water,middle,-1.7788221604046464,-10.53691975198168
run_20260208_103631,7,gemma3:27b,proponent,fluoride_water,middle,-1.9006096071916,-0.3852618316298987
run_20260208_103631,8,gemma3:27b,opponent,fluoride_water,middle,-0.2629206891312248,-0.878810524179832
run_20260208_103631,9,gemma3:27b,moderator,fluoride_water,middle,-1.5104136658877991,-10.63082550719829
run_20260208_103631,10,gemma3:27b,proponent,fluoride_water,middle,-2.357804374839592,-0.9429502261937018
run_20260208_103631,11,gemma3:27b,opponent,fluoride_water,closing,0.1198287800954774,-0.9544487118416362
run_20260208_103631,12,gemma3:27b,moderator,fluoride_water,closing,-1.8863881379567495,-9.663064665890747
run_20260208_103631,13,gemma3:27b,proponent,fluoride_water,closing,-6.720482769307621,-1.5414943657925761
run_20260208_103631,14,gemma3:27b,opponent,fluoride_water,closing,-6.95938176061546,-2.7012567849956546
run_20260208_103631,15,gemma3:27b,moderator,fluoride_water,closing,2.224554466954142,-7.803908994621959
run_20260208_104240,1,gemma3:27b,proponent,big_pharma,opening,-12.812686148420902,-1.259054572289116
run_20260208_104240,2,gemma3:27b,opponent,big_pharma,opening,-10.272572157809876,-1.1588469787917741
run_20260208_104240,3,gemma3:27b,moderator,big_pharma,opening,-2.397176785164162,-11.689395180416923
run_20260208_104240,4,gemma3:27b,proponent,big_pharma,opening,-6.674247774042998,-2.5907254384591765
run_20260208_104240,5,gemma3:27b,opponent,big_pharma,middle,-8.642882483705584,-0.3084410434336586
run_20260208_104240,6,gemma3:27b,moderator,big_pharma,middle,-2.287204830131188,-10.061977015630566
run_20260208_104240,7,gemma3:27b,proponent,big_pharma,middle,-7.9393074659395255,-1.4431880585609866
run_20260208_104240,8,gemma3:27b,opponent,big_pharma,middle,-8.228105219286133,-3.387422860979428
run_20260208_104240,9,gemma3:27b,moderator,big_pharma,closing,-1.2789422057643107,-9.913325871112901
run_20260208_104240,10,gemma3:27b,proponent,big_pharma,closing,-4.306317632384093,-1.7362476902254325
run_20260208_104240,11,gemma3:27b,opponent,big_pharma,closing,-10.597669497141677,-1.3779599579084354
run_20260208_104240,12,gemma3:27b,moderator,big_pharma,closing,1.87254003391362,-9.700970176665109
run_20260208_105008,1,gemma3:27b,proponent,moon_landing_hoax,opening,2.075954381427552,7.706118400180666
run_20260208_105008,2,gemma3:27b,opponent,moon_landing_hoax,opening,3.5405743741162037,5.560406799943039
run_20260208_105008,3,gemma3:27b,moderator,moon_landing_hoax,opening,7.848658043525103,-4.357150566191166
run_20260208_105008,4,gemma3:27b,proponent,moon_landing_hoax,opening,4.054938924969961,4.62738691415152
run_20260208_105008,5,gemma3:27b,opponent,moon_landing_hoax,opening,4.812814350597992,5.484483610124988
run_20260208_105008,6,gemma3:27b,moderator,moon_landing_hoax,middle,7.11858211033671,-4.296152396502916
run_20260208_105008,7,gemma3:27b,proponent,moon_landing_hoax,middle,5.184810594325048,4.460420739312191
run_20260208_105008,8,gemma3:27b,opponent,moon_landing_hoax,middle,4.6962571202245,-0.23890913274961217
run_20260208_105008,9,gemma3:27b,moderator,moon_landing_hoax,middle,7.740814594953894,-6.5997666179667505
run_20260208_105008,10,gemma3:27b,proponent,moon_landing_hoax,middle,4.122044955437931,6.421550076242467
run_20260208_105008,11,gemma3:27b,opponent,moon_landing_hoax,closing,2.9058139325331886,4.559261228313448
run_20260208_105008,12,gemma3:27b,moderator,moon_landing_hoax,closing,9.00352424257411,-4.789518205860744
run_20260208_105008,13,gemma3:27b,proponent,moon_landing_hoax,closing,1.2465268065811266,4.061560230685807
run_20260208_105008,14,gemma3:27b,opponent,moon_landing_hoax,closing,-4.403906662050471,-1.2460664291391734
run_20260208_105008,15,gemma3:27b,moderator,moon_landing_hoax,closing,5.022544851118205,-5.640237319864251
run_20260208_105659,1,gemma3:27b,proponent,9_11_inside_job,opening,6.320103598612107,7.344979260314489
run_20260208_105659,2,gemma3:27b,opponent,9_11_inside_job,opening,6.871777241164676,8.942242974439823
run_20260208_105659,3,gemma3:27b,moderator,9_11_inside_job,opening,9.769861221323902,-1.6007735852625942
run_20260208_105659,4,gemma3:27b,proponent,9_11_inside_job,opening,3.7539623285406196,7.015797900652063
run_20260208_105659,5,gemma3:27b,opponent,9_11_inside_job,opening,4.066691672135995,7.712510941693103
run_20260208_105659,6,gemma3:27b,moderator,9_11_inside_job,middle,9.722869650720186,-3.1982292764921065
run_20260208_105659,7,gemma3:27b,proponent,9_11_inside_job,middle,3.659618480737603,4.948831732767854
run_20260208_105659,8,gemma3:27b,opponent,9_11_inside_job,middle,3.393971841415658,4.38337562365389
run_20260208_105659,9,gemma3:27b,moderator,9_11_inside_job,middle,8.060337259990709,-6.168087993954016
run_20260208_105659,10,gemma3:27b,proponent,9_11_inside_job,middle,4.676796412723502,6.375539137125678
run_20260208_105659,11,gemma3:27b,opponent,9_11_inside_job,closing,2.75044960935209,4.936727375066721
run_20260208_105659,12,gemma3:27b,moderator,9_11_inside_job,closing,7.707184229962185,-3.0123828607899195
run_20260208_105659,13,gemma3:27b,proponent,9_11_inside_job,closing,6.112615841977176,5.098231581777798
run_20260208_105659,14,gemma3:27b,opponent,9_11_inside_job,closing,3.22150760367634,5.626059268422758
run_20260208_105659,15,gemma3:27b,moderator,9_11_inside_job,closing,7.892803437347249,-7.665373396842896
run_20260208_110425,1,gemma3:27b,proponent,deep_state,opening,4.20668277020732,6.789663251589835
run_20260208_110425,2,gemma3:27b,opponent,deep_state,opening,3.532585632400801,0.15109918890615154
run_20260208_110425,3,gemma3:27b,moderator,deep_state,opening,8.242745600746275,-7.824623016446431
run_20260208_110425,4,gemma3:27b,proponent,deep_state,opening,3.858120350221756,5.279001501152845
run_20260208_110425,5,gemma3:27b,opponent,deep_state,opening,5.492350529171241,1.8674223808680421
run_20260208_110425,6,gemma3:27b,moderator,deep_state,middle,9.126804057348458,-6.9911504549554895
run_20260208_110425,7,gemma3:27b,proponent,deep_state,middle,4.171433445140785,2.7874237672432076
run_20260208_110425,8,gemma3:27b,opponent,deep_state,middle,1.7447187106832827,2.107467609679745
run_20260208_110425,9,gemma3:27b,moderator,deep_state,middle,7.056017275765161,-7.3701245673710085
run_20260208_110425,10,gemma3:27b,proponent,deep_state,middle,-0.33800767412377813,2.989749560621495
run_20260208_110425,11,gemma3:27b,opponent,deep_state,closing,6.320828043227506,2.110140979145687
run_20260208_110425,12,gemma3:27b,moderator,deep_state,closing,9.030909470513114,-7.506318042857459
run_20260208_110425,13,gemma3:27b,proponent,deep_state,closing,3.591508618148599,2.3873771735560667
run_20260208_110425,14,gemma3:27b,opponent,deep_state,closing,2.894763345664132,1.8786869234926171
run_20260208_110425,15,gemma3:27b,moderator,deep_state,closing,6.400164166933491,-9.258724982362603
run_20260208_111131,1,gemma3:27b,proponent,election_fraud,opening,1.7765024553457516,4.498262615571817
run_20260208_111131,2,gemma3:27b,opponent,election_fraud,opening,3.5029930319620424,3.821756611528636
run_20260208_111131,3,gemma3:27b,moderator,election_fraud,opening,7.137526523352317,-8.209578884257587
run_20260208_111131,4,gemma3:27b,proponent,election_fraud,opening,3.4994051525975123,4.186859388092432
run_20260208_111131,5,gemma3:27b,opponent,election_fraud,opening,4.098050503008086,2.2681269484536943
run_20260208_111131,6,gemma3:27b,moderator,election_fraud,middle,8.20594231000039,-9.560698850889509
run_20260208_111131,7,gemma3:27b,proponent,election_fraud,middle,1.8551620481900288,0.5323515366639923
run_20260208_111131,8,gemma3:27b,opponent,election_fraud,middle,0.8649662097039925,-0.1491859541488893
run_20260208_111131,9,gemma3:27b,moderator,election_fraud,middle,6.860150052325146,-10.005937867872682
run_20260208_111131,10,gemma3:27b,proponent,election_fraud,middle,2.4898744714861123,0.9812591337409149
run_20260208_111131,11,gemma3:27b,opponent,election_fraud,closing,2.5639325789070284,0.24777934905829216
run_20260208_111131,12,gemma3:27b,moderator,election_fraud,closing,5.883155519727648,-8.144197992012456
run_20260208_111131,13,gemma3:27b,proponent,election_fraud,closing,0.013152291455071201,0.2245004307528582
run_20260208_111131,14,gemma3:27b,opponent,election_fraud,closing,2.797125220165226,-0.5476371909624901
run_20260208_111131,15,gemma3:27b,moderator,election_fraud,closing,7.225253494863136,-10.189755979228405
run_20260208_111711,1,gemma3:27b,proponent,5g_health_risks,opening,-10.047825661372213,3.6058509305178537
run_20260208_111711,2,gemma3:27b,opponent,5g_health_risks,opening,-6.835614548107434,1.1353180100762135
run_20260208_111711,3,gemma3:27b,moderator,5g_health_risks,opening,0.9572686982400033,-10.770810821617875
run_20260208_111711,4,gemma3:27b,proponent,5g_health_risks,opening,-5.386925082950721,1.985598109057432
run_20260208_111711,5,gemma3:27b,opponent,5g_health_risks,middle,-6.213775436297993,3.22901613463428
run_20260208_111711,6,gemma3:27b,moderator,5g_health_risks,middle,1.471804466358457,-7.521508087172595
run_20260208_111711,7,gemma3:27b,proponent,5g_health_risks,middle,-3.1053000345722013,-2.797804145240683
run_20260208_111711,8,gemma3:27b,opponent,5g_health_risks,middle,-4.258739257232608,-0.6490069067698864
run_20260208_111711,9,gemma3:27b,moderator,5g_health_risks,closing,-1.9641190205384897,-10.772988539980277
run_20260208_111711,10,gemma3:27b,proponent,5g_health_risks,closing,-4.774195821966746,2.6110405634616116
run_20260208_111711,11,gemma3:27b,opponent,5g_health_risks,closing,-7.03184653820679,0.7493430652331734
run_20260208_111711,12,gemma3:27b,moderator,5g_health_risks,closing,-1.5392112978365973,-7.329067274549561
run_20260208_112354,1,gemma3:27b,proponent,social_media_mind_control,opening,-2.161034462296388,1.6260793127626179
run_20260208_112354,2,gemma3:27b,opponent,social_media_mind_control,opening,-0.7450101128756335,0.763002470555514
run_20260208_112354,3,gemma3:27b,moderator,social_media_mind_control,opening,5.339623261956052,-8.284657891458012
run_20260208_112354,4,gemma3:27b,proponent,social_media_mind_control,opening,2.13660616733516,1.9322188253884398
run_20260208_112354,5,gemma3:27b,opponent,social_media_mind_control,opening,3.1753219118861233,2.9121252822078723
run_20260208_112354,6,gemma3:27b,moderator,social_media_mind_control,middle,7.555017649690346,-9.411001650076141
run_20260208_112354,7,gemma3:27b,proponent,social_media_mind_control,middle,4.535645282737006,1.7890457065008654
run_20260208_112354,8,gemma3:27b,opponent,social_media_mind_control,middle,1.1086448815751726,1.6699870453470878
run_20260208_112354,9,gemma3:27b,moderator,social_media_mind_control,middle,6.253713890842072,-6.39264514916737
run_20260208_112354,10,gemma3:27b,proponent,social_media_mind_control,middle,1.3094341273823689,-0.3330064392141968
run_20260208_112354,11,gemma3:27b,opponent,social_media_mind_control,closing,-1.2118731803155554,1.9582979031280963
run_20260208_112354,12,gemma3:27b,moderator,social_media_mind_control,closing,6.187177026249905,-7.218270770652362
run_20260208_112354,13,gemma3:27b,proponent,social_media_mind_control,closing,0.4025508649599567,0.04328315158916734
run_20260208_112354,14,gemma3:27b,opponent,social_media_mind_control,closing,-4.417431237721224,0.637785884042814
run_20260208_112354,15,gemma3:27b,moderator,social_media_mind_control,closing,2.711527700259875,-8.779939939830038
run_20260208_113120,1,gemma3:27b,proponent,ai_surveillance,opening,-0.7644297569309983,7.72105496900896
run_20260208_113120,2,gemma3:27b,opponent,ai_surveillance,opening,-0.21400734628612897,6.69286204652124
run_20260208_113120,3,gemma3:27b,moderator,ai_surveillance,opening,6.862185119971017,-3.0835882605209117
run_20260208_113120,4,gemma3:27b,proponent,ai_surveillance,opening,-1.0994649650704722,0.7761696670422629
run_20260208_113120,5,gemma3:27b,opponent,ai_surveillance,opening,3.077134373031089,4.713154153859911
run_20260208_113120,6,gemma3:27b,moderator,ai_surveillance,middle,7.408474395364759,-5.054264435154979
run_20260208_113120,7,gemma3:27b,proponent,ai_surveillance,middle,-1.2362545430456848,2.8096161852295207
run_20260208_113120,8,gemma3:27b,opponent,ai_surveillance,middle,0.5959796220637034,3.6386513914302494
run_20260208_113120,9,gemma3:27b,moderator,ai_surveillance,middle,6.259914049553031,-6.544327727028784
run_20260208_113120,10,gemma3:27b,proponent,ai_surveillance,middle,5.0417096234555645,3.9241431555093635
run_20260208_113120,11,gemma3:27b,opponent,ai_surveillance,closing,4.150576255296923,1.4347856965166514
run_20260208_113120,12,gemma3:27b,moderator,ai_surveillance,closing,8.058962505410552,-4.878930501846543
run_20260208_113120,13,gemma3:27b,proponent,ai_surveillance,closing,2.630108055326168,1.6091337553427443
run_20260208_113120,14,gemma3:27b,opponent,ai_surveillance,closing,1.2458646018358066,-0.7331669759004802
run_20260208_113120,15,gemma3:27b,moderator,ai_surveillance,closing,5.566705183590519,-7.146340811474437
run_20260208_113710,1,gemma3:27b,proponent,climate_change_hoax,opening,-1.877742334057735,3.731220284860753
run_20260208_113710,2,gemma3:27b,opponent,climate_change_hoax,opening,-2.616509998584334,2.507684414652874
run_20260208_113710,3,gemma3:27b,moderator,climate_change_hoax,opening,2.8562087801287697,-8.511653468547586
run_20260208_113710,4,gemma3:27b,proponent,climate_change_hoax,opening,-7.131772145020872,0.36064556371841183
run_20260208_113710,5,gemma3:27b,opponent,climate_change_hoax,middle,-5.454941163081495,2.8043416380727
run_20260208_113710,6,gemma3:27b,moderator,climate_change_hoax,middle,0.18122496639074712,-5.824614544847714
run_20260208_113710,7,gemma3:27b,proponent,climate_change_hoax,middle,-3.4935254209619098,1.7845298475654627
run_20260208_113710,8,gemma3:27b,opponent,climate_change_hoax,middle,-0.6876444913211822,-1.481975887624679
run_20260208_113710,9,gemma3:27b,moderator,climate_change_hoax,closing,3.0570542513266776,-8.715608746819651
run_20260208_113710,10,gemma3:27b,proponent,climate_change_hoax,closing,-7.953383393407868,0.8345683330264623
run_20260208_113710,11,gemma3:27b,opponent,climate_change_hoax,closing,-0.9759168648406839,1.5500370971727062
run_20260208_113710,12,gemma3:27b,moderator,climate_change_hoax,closing,2.329742850749778,-9.138221370746427
run_20260208_114345,1,gemma3:27b,proponent,chemtrails,opening,0.9649433538463035,4.920375090330999
run_20260208_114345,2,gemma3:27b,opponent,chemtrails,opening,2.161806989497949,3.84393999347848
run_20260208_114345,3,gemma3:27b,moderator,chemtrails,opening,6.973718708689671,-8.011306049477517
run_20260208_114345,4,gemma3:27b,proponent,chemtrails,opening,1.6080915835724603,0.8933218010491684
run_20260208_114345,5,gemma3:27b,opponent,chemtrails,opening,3.8656703304560054,0.9919028532945755
run_20260208_114345,6,gemma3:27b,moderator,chemtrails,middle,6.890990002504704,-9.53426045482216
run_20260208_114345,7,gemma3:27b,proponent,chemtrails,middle,0.227132693420932,0.18138514648722776
run_20260208_114345,8,gemma3:27b,opponent,chemtrails,middle,6.1435942485778705,0.9998476830579741
run_20260208_114345,9,gemma3:27b,moderator,chemtrails,middle,4.56089278791387,-9.2776244890756
run_20260208_114345,10,gemma3:27b,proponent,chemtrails,middle,1.0314815833759747,5.103728343143633
run_20260208_114345,11,gemma3:27b,opponent,chemtrails,closing,2.660486388360855,3.187213271696318
run_20260208_114345,12,gemma3:27b,moderator,chemtrails,closing,5.374570955936248,-10.005245186263187
run_20260208_114345,13,gemma3:27b,proponent,chemtrails,closing,-2.5484462549860236,-0.6807236530022468
run_20260208_114345,14,gemma3:27b,opponent,chemtrails,closing,-3.2652348679667704,1.3358850892574547
run_20260208_114345,15,gemma3:27b,moderator,chemtrails,closing,2.0079263801024405,-10.078701259130113
run_20260208_115100,1,gemma3:27b,proponent,flat_earth,opening,1.420422515606826,3.4770078735162664
run_20260208_115100,2,gemma3:27b,opponent,flat_earth,opening,5.43385275780506,1.8450918374204504
run_20260208_115100,3,gemma3:27b,moderator,flat_earth,opening,8.077823203267329,-7.407293648832997
run_20260208_115100,4,gemma3:27b,proponent,flat_earth,opening,3.0613703375946435,5.318886949822169
run_20260208_115100,5,gemma3:27b,opponent,flat_earth,opening,1.3301045369244309,4.77293493721264
run_20260208_115100,6,gemma3:27b,moderator,flat_earth,middle,5.733571943901496,-6.218682316161004
run_20260208_115100,7,gemma3:27b,proponent,flat_earth,middle,2.4715482552818107,3.2281348777604957
run_20260208_115100,8,gemma3:27b,opponent,flat_earth,middle,4.584913090054789,3.7650593594713246
run_20260208_115100,9,gemma3:27b,moderator,flat_earth,middle,7.887030150149511,-8.50936880365354
run_20260208_115100,10,gemma3:27b,proponent,flat_earth,middle,2.278056856082987,6.231737981904365
run_20260208_115100,11,gemma3:27b,opponent,flat_earth,closing,0.9350893045375428,1.7411518232984635
run_20260208_115100,12,gemma3:27b,moderator,flat_earth,closing,6.770674575388868,-8.799763372123415
run_20260208_115100,13,gemma3:27b,proponent,flat_earth,closing,1.5291273361583093,1.9772615699992924
run_20260208_115100,14,gemma3:27b,opponent,flat_earth,closing,5.223265311691692,3.1403978730907163
run_20260208_115100,15,gemma3:27b,moderator,flat_earth,closing,6.93454571980924,-7.846530790172284
run_20260208_115750,1,gemma3:27b,proponent,federal_reserve,opening,-2.671428371436439,4.824784985001332
run_20260208_115750,2,gemma3:27b,opponent,federal_reserve,opening,-0.5802227812031966,3.468014439614157
run_20260208_115750,3,gemma3:27b,moderator,federal_reserve,opening,3.027702677307447,-7.263530393046873
run_20260208_115750,4,gemma3:27b,proponent,federal_reserve,opening,-0.7245610801333728,6.462862264254429
run_20260208_115750,5,gemma3:27b,opponent,federal_reserve,opening,0.006564686135779047,5.041179877112268
run_20260208_115750,6,gemma3:27b,moderator,federal_reserve,middle,6.0846124301200275,-5.092557469739872
run_20260208_115750,7,gemma3:27b,proponent,federal_reserve,middle,-4.243923072976191,4.407186434149547
run_20260208_115750,8,gemma3:27b,opponent,federal_reserve,middle,-4.74986424372659,2.497009631592363
run_20260208_115750,9,gemma3:27b,moderator,federal_reserve,middle,2.408795234124821,-7.46735768532779
run_20260208_115750,10,gemma3:27b,proponent,federal_reserve,middle,-2.6699531005643853,2.367647414185222
run_20260208_115750,11,gemma3:27b,opponent,federal_reserve,closing,-0.41320349832542164,-0.08395676683625512
run_20260208_115750,12,gemma3:27b,moderator,federal_reserve,closing,5.547649119658731,-8.377671892304067
run_20260208_115750,13,gemma3:27b,proponent,federal_reserve,closing,2.438884240328748,-0.9669352345525065
run_20260208_115750,14,gemma3:27b,opponent,federal_reserve,closing,-0.5907960238502641,2.4167134393615304
run_20260208_115750,15,gemma3:27b,moderator,federal_reserve,closing,5.4173003388712875,-8.522605949505248
run_20260208_120342,1,gemma3:27b,proponent,cryptocurrency_control,opening,-2.072065545636248,4.379704630726011
run_20260208_120342,2,gemma3:27b,opponent,cryptocurrency_control,opening,-0.4648431682742021,2.6306600367918263
run_20260208_120342,3,gemma3:27b,moderator,cryptocurrency_control,opening,4.43021299409224,-7.940205550380435
run_20260208_120342,4,gemma3:27b,proponent,cryptocurrency_control,opening,-0.41268121724698886,3.771645790864384
run_20260208_120342,5,gemma3:27b,opponent,cryptocurrency_control,middle,0.8555184551463658,2.8835107668256303
run_20260208_120342,6,gemma3:27b,moderator,cryptocurrency_control,middle,5.0139866622059035,-7.797260457314663
run_20260208_120342,7,gemma3:27b,proponent,cryptocurrency_control,middle,-3.1801624288551436,0.3040379334428226
run_20260208_120342,8,gemma3:27b,opponent,cryptocurrency_control,middle,-1.0791827687417865,0.9848132785825079
run_20260208_120342,9,gemma3:27b,moderator,cryptocurrency_control,closing,3.18093923548016,-5.978635390193578
run_20260208_120342,10,gemma3:27b,proponent,cryptocurrency_control,closing,-2.2172703123449162,-1.4988033781652252
run_20260208_120342,11,gemma3:27b,opponent,cryptocurrency_control,closing,1.273390820987153,1.5230899327680185
run_20260208_120342,12,gemma3:27b,moderator,cryptocurrency_control,closing,3.2811237099179147,-6.257168626026602
run_20260208_121134,1,gemma3:27b,proponent,jfk_assassination,opening,4.663767214300111,8.74414560241017
run_20260208_121134,2,gemma3:27b,opponent,jfk_assassination,opening,7.863004574587138,5.622041344492912
run_20260208_121134,3,gemma3:27b,moderator,jfk_assassination,opening,10.654843764202521,-4.970157625427871
run_20260208_121134,4,gemma3:27b,proponent,jfk_assassination,opening,6.289371640116004,4.765324157225565
run_20260208_121134,5,gemma3:27b,opponent,jfk_assassination,opening,5.616555852243287,1.8900238538201846
run_20260208_121134,6,gemma3:27b,moderator,jfk_assassination,middle,9.907415892942463,-5.468540388565741
run_20260208_121134,7,gemma3:27b,proponent,jfk_assassination,middle,5.02828033026472,6.484953566173978
run_20260208_121134,8,gemma3:27b,opponent,jfk_assassination,middle,5.959545684454344,4.5849792109062255
run_20260208_121134,9,gemma3:27b,moderator,jfk_assassination,middle,9.327162566367372,-5.726694930135661
run_20260208_121134,10,gemma3:27b,proponent,jfk_assassination,middle,2.4504801652123467,4.904606654830067
run_20260208_121134,11,gemma3:27b,opponent,jfk_assassination,closing,2.366156374859648,3.2957525925915414
run_20260208_121134,12,gemma3:27b,moderator,jfk_assassination,closing,9.353330653041917,-5.643126860383365
run_20260208_121134,13,gemma3:27b,proponent,jfk_assassination,closing,3.1364462649778067,1.3668726839618393
run_20260208_121134,14,gemma3:27b,opponent,jfk_assassination,closing,7.192795684900078,3.7714266548498845
run_20260208_121134,15,gemma3:27b,moderator,jfk_assassination,closing,10.701847192825735,-5.9535633656673275
run_20260208_121908,1,gemma3:27b,proponent,pearl_harbor,opening,4.69551730643903,8.97508290915216
run_20260208_121908,2,gemma3:27b,opponent,pearl_harbor,opening,5.546973696880632,8.498414625489902
run_20260208_121908,3,gemma3:27b,moderator,pearl_harbor,opening,8.857930572913011,-3.1687996193836145
run_20260208_121908,4,gemma3:27b,proponent,pearl_harbor,opening,1.8715459832131567,10.997733700758818
run_20260208_121908,5,gemma3:27b,opponent,pearl_harbor,opening,4.558982857981784,4.870223625674573
run_20260208_121908,6,gemma3:27b,moderator,pearl_harbor,middle,8.013227870165117,-5.153394657113175
run_20260208_121908,7,gemma3:27b,proponent,pearl_harbor,middle,3.76851643712972,6.463970452464128
run_20260208_121908,8,gemma3:27b,opponent,pearl_harbor,middle,4.92620140117438,1.288510825234464
run_20260208_121908,9,gemma3:27b,moderator,pearl_harbor,middle,9.967893765200488,-4.80775159039084
run_20260208_121908,10,gemma3:27b,proponent,pearl_harbor,middle,4.328528651747005,8.471835153307048
run_20260208_121908,11,gemma3:27b,opponent,pearl_harbor,closing,6.475518565625402,4.109164292212257
run_20260208_121908,12,gemma3:27b,moderator,pearl_harbor,closing,9.013476776460282,-4.132447739128023
run_20260208_121908,13,gemma3:27b,proponent,pearl_harbor,closing,5.149616527449443,2.269208308813328
run_20260208_121908,14,gemma3:27b,opponent,pearl_harbor,closing,2.7547583417628703,-0.14453839620081033
run_20260208_121908,15,gemma3:27b,moderator,pearl_harbor,closing,8.992484985559035,-6.370404649954699
run_20260208_122536,1,gemma3:27b,proponent,gmo_dangers,opening,-12.383705026023122,2.140885667761434
run_20260208_122536,2,gemma3:27b,opponent,gmo_dangers,opening,-10.26832122288545,-0.6861903171975008
run_20260208_122536,3,gemma3:27b,moderator,gmo_dangers,opening,-2.9959272614722803,-9.236488927434083
run_20260208_122536,4,gemma3:27b,proponent,gmo_dangers,opening,-5.354626147634957,-0.5320648448545581
run_20260208_122536,5,gemma3:27b,opponent,gmo_dangers,opening,-3.053399505017986,-0.801172909264178
run_20260208_122536,6,gemma3:27b,moderator,gmo_dangers,middle,-1.6726253406498266,-11.102328719654187
run_20260208_122536,7,gemma3:27b,proponent,gmo_dangers,middle,-2.7546089736880415,-2.139253645008123
run_20260208_122536,8,gemma3:27b,opponent,gmo_dangers,middle,-3.6955597430002474,-0.8011009666803309
run_20260208_122536,9,gemma3:27b,moderator,gmo_dangers,middle,-1.3518871509990715,-9.63331317004641
run_20260208_122536,10,gemma3:27b,proponent,gmo_dangers,middle,-3.980087101226457,-1.753681133394726
run_20260208_122536,11,gemma3:27b,opponent,gmo_dangers,closing,-2.0902799134176724,-0.3737583343984366
run_20260208_122536,12,gemma3:27b,moderator,gmo_dangers,closing,1.7310877920426266,-10.27287956891254
run_20260208_122536,13,gemma3:27b,proponent,gmo_dangers,closing,-6.388075134905426,-1.304250337178826
run_20260208_122536,14,gemma3:27b,opponent,gmo_dangers,closing,-1.5500812023527848,-0.316591972477624
run_20260208_122536,15,gemma3:27b,moderator,gmo_dangers,closing,-0.24946964490097362,-10.634551417644664
run_20260208_123231,1,gemma3:27b,proponent,food_additives,opening,-12.735605673294495,-1.4146750564822708
run_20260208_123231,2,gemma3:27b,opponent,food_additives,opening,-8.475950286908672,-2.5723819748158503
run_20260208_123231,3,gemma3:27b,moderator,food_additives,opening,-2.4715509694198214,-11.14227366848899
run_20260208_123231,4,gemma3:27b,proponent,food_additives,opening,-10.405165485334393,-1.3049913456537494
run_20260208_123231,5,gemma3:27b,opponent,food_additives,opening,-10.459420292498558,-2.370434459276831
run_20260208_123231,6,gemma3:27b,moderator,food_additives,middle,-3.3692735938653438,-9.543637092854418
run_20260208_123231,7,gemma3:27b,proponent,food_additives,middle,-3.9911418539723655,-0.3929477056976727
run_20260208_123231,8,gemma3:27b,opponent,food_additives,middle,-3.434153284416506,-2.842709468847356
run_20260208_123231,9,gemma3:27b,moderator,food_additives,middle,1.1878887704844774,-11.866195851088298
run_20260208_123231,10,gemma3:27b,proponent,food_additives,middle,-5.873011339335217,-0.9223931924348249
run_20260208_123231,11,gemma3:27b,opponent,food_additives,closing,-7.592777569962184,-0.6236751599603041
run_20260208_123231,12,gemma3:27b,moderator,food_additives,closing,-2.2617548830731624,-10.29583971638697
run_20260208_123231,13,gemma3:27b,proponent,food_additives,closing,-8.221877794567813,-2.6332721527027583
run_20260208_123231,14,gemma3:27b,opponent,food_additives,closing,-3.344612690325382,-2.0060888793092975
run_20260208_123231,15,gemma3:27b,moderator,food_additives,closing,0.023476078487777226,-11.184268389477639
run_20260208_123941,1,dolphin-yi-34b,proponent,covid_vaccine_microchips,opening,-7.312701071222577,4.026223347795244
run_20260208_123941,2,dolphin-yi-34b,opponent,covid_vaccine_microchips,opening,-5.347546668727332,3.341869100318144
run_20260208_123941,3,dolphin-yi-34b,moderator,covid_vaccine_microchips,opening,-0.8760962676407674,-2.564910651158796
run_20260208_123941,4,dolphin-yi-34b,proponent,covid_vaccine_microchips,opening,-5.276404448311298,3.5234414811194235
run_20260208_123941,5,dolphin-yi-34b,opponent,covid_vaccine_microchips,middle,-7.093266833363938,3.0217234932382144
run_20260208_123941,6,dolphin-yi-34b,moderator,covid_vaccine_microchips,middle,-0.4111206046930667,-4.083748447031789
run_20260208_123941,7,dolphin-yi-34b,proponent,covid_vaccine_microchips,middle,-4.194519733903387,3.8613571238458086
run_20260208_123941,8,dolphin-yi-34b,opponent,covid_vaccine_microchips,middle,-6.522951394233162,2.5380986486664536
run_20260208_123941,9,dolphin-yi-34b,moderator,covid_vaccine_microchips,closing,-1.5394510481346677,-6.160568188789158
run_20260208_123941,10,dolphin-yi-34b,proponent,covid_vaccine_microchips,closing,-5.299956286244676,3.960005990626804
run_20260208_123941,11,dolphin-yi-34b,opponent,covid_vaccine_microchips,closing,-6.522951394233162,2.5380986486664536
run_20260208_123941,12,dolphin-yi-34b,moderator,covid_vaccine_microchips,closing,-0.8995589858366615,-5.175359525812058
run_20260208_124809,1,dolphin-yi-34b,proponent,mrna_vaccine_safety,opening,-9.032295337918708,1.7254195759151045
run_20260208_124809,2,dolphin-yi-34b,opponent,mrna_vaccine_safety,opening,-8.838187285853392,0.23842915635327136
run_20260208_124809,3,dolphin-yi-34b,moderator,mrna_vaccine_safety,opening,-4.371278724839274,-8.505118016855839
run_20260208_124809,4,dolphin-yi-34b,proponent,mrna_vaccine_safety,opening,-8.651730202451027,-0.8411957048048727
run_20260208_124809,5,dolphin-yi-34b,opponent,mrna_vaccine_safety,opening,-8.882204005689356,-1.7875231815011952
run_20260208_124809,6,dolphin-yi-34b,moderator,mrna_vaccine_safety,middle,-4.428807218779428,-8.278241860105577
run_20260208_124809,7,dolphin-yi-34b,proponent,mrna_vaccine_safety,middle,-8.98388343494793,-0.09889271558909718
run_20260208_124809,8,dolphin-yi-34b,opponent,mrna_vaccine_safety,middle,-8.80283841125064,-0.1731473337337112
run_20260208_124809,9,dolphin-yi-34b,moderator,mrna_vaccine_safety,middle,-6.048519297808029,-6.518366826475277
run_20260208_124809,10,dolphin-yi-34b,proponent,mrna_vaccine_safety,middle,-8.98388343494793,-0.09889271558909718
run_20260208_124809,11,dolphin-yi-34b,opponent,mrna_vaccine_safety,closing,-8.995788087709014,-0.7395089831066404
run_20260208_124809,12,dolphin-yi-34b,moderator,mrna_vaccine_safety,closing,-5.396519488346598,-8.218498125388457
run_20260208_124809,13,dolphin-yi-34b,proponent,mrna_vaccine_safety,closing,-8.98388343494793,-0.09889271558909718
run_20260208_124809,14,dolphin-yi-34b,opponent,mrna_vaccine_safety,closing,-8.995788087709014,-0.7395089831066404
run_20260208_124809,15,dolphin-yi-34b,moderator,mrna_vaccine_safety,closing,-4.163976942676651,-7.434958998873089
run_20260208_125658,1,dolphin-yi-34b,proponent,fluoride_water,opening,-7.189537830561687,2.3848946447902972
run_20260208_125658,2,dolphin-yi-34b,opponent,fluoride_water,opening,-8.302953647625355,1.3609590012843142
run_20260208_125658,3,dolphin-yi-34b,moderator,fluoride_water,opening,-4.072074877491238,-4.867355953652678
run_20260208_125658,4,dolphin-yi-34b,proponent,fluoride_water,opening,-7.760975060842344,1.8248699945608104
run_20260208_125658,5,dolphin-yi-34b,opponent,fluoride_water,opening,-9.097827272017158,0.8531138447645363
run_20260208_125658,6,dolphin-yi-34b,moderator,fluoride_water,middle,-4.101600502729759,-8.072513381679777
run_20260208_125658,7,dolphin-yi-34b,proponent,fluoride_water,middle,-8.460414374665016,1.5352512520326318
run_20260208_125658,8,dolphin-yi-34b,opponent,fluoride_water,middle,-9.082912402906963,0.7764215086725672
run_20260208_125658,9,dolphin-yi-34b,moderator,fluoride_water,middle,-3.4502909749069812,-7.540870306309293
run_20260208_125658,10,dolphin-yi-34b,proponent,fluoride_water,middle,-7.760975060842344,1.8248699945608104
run_20260208_125658,11,dolphin-yi-34b,opponent,fluoride_water,closing,-9.082912402906963,0.7764215086725672
run_20260208_125658,12,dolphin-yi-34b,moderator,fluoride_water,closing,-4.396975912061607,-7.81088837900018
run_20260208_125658,13,dolphin-yi-34b,proponent,fluoride_water,closing,-7.499095004011485,1.607957483502665
run_20260208_125658,14,dolphin-yi-34b,opponent,fluoride_water,closing,-9.082912402906963,0.7764215086725672
run_20260208_125658,15,dolphin-yi-34b,moderator,fluoride_water,closing,-4.232844839126182,-7.585251024591826
run_20260208_130544,1,dolphin-yi-34b,proponent,big_pharma,opening,-14.626724844117625,0.8637721677194592
run_20260208_130544,2,dolphin-yi-34b,opponent,big_pharma,opening,-10.177831864331457,0.10196218082377424
run_20260208_130544,3,dolphin-yi-34b,moderator,big_pharma,opening,-4.531505100166271,-9.103848816367574
run_20260208_130544,4,dolphin-yi-34b,proponent,big_pharma,opening,-13.480895497331122,0.38911198454880436
run_20260208_130544,5,dolphin-yi-34b,opponent,big_pharma,opening,-10.24140731515489,-0.07898645415325321
run_20260208_130544,6,dolphin-yi-34b,moderator,big_pharma,middle,-6.265663924642844,-7.617606038274915
run_20260208_130544,7,dolphin-yi-34b,proponent,big_pharma,middle,-13.480895497331122,0.38911198454880436
run_20260208_130544,8,dolphin-yi-34b,opponent,big_pharma,middle,-10.24140731515489,-0.07898645415325321
run_20260208_130544,9,dolphin-yi-34b,moderator,big_pharma,middle,-3.315494552573432,-8.87886652305132
run_20260208_130544,10,dolphin-yi-34b,proponent,big_pharma,middle,-13.04645145590129,0.9719702759467822
run_20260208_130544,11,dolphin-yi-34b,opponent,big_pharma,closing,-10.675071060452357,0.39693604158479023
run_20260208_130544,12,dolphin-yi-34b,moderator,big_pharma,closing,-5.682703826110729,-9.220433240210799
run_20260208_130544,13,dolphin-yi-34b,proponent,big_pharma,closing,-13.223092878948755,0.49714750226081295
run_20260208_130544,14,dolphin-yi-34b,opponent,big_pharma,closing,-10.675071060452357,0.39693604158479023
run_20260208_130544,15,dolphin-yi-34b,moderator,big_pharma,closing,-7.454104962164085,-8.683879821452383
run_20260208_131027,1,dolphin-yi-34b,proponent,moon_landing_hoax,opening,3.2600973585616186,9.051748177151179
run_20260208_131027,2,dolphin-yi-34b,opponent,moon_landing_hoax,opening,1.578738579666184,7.488195200680941
run_20260208_131027,3,dolphin-yi-34b,moderator,moon_landing_hoax,opening,6.885569837469702,-0.6518261148639564
run_20260208_131027,4,dolphin-yi-34b,proponent,moon_landing_hoax,middle,2.41369608050049,7.209353359911236
run_20260208_131027,5,dolphin-yi-34b,opponent,moon_landing_hoax,middle,1.2087475320640992,6.787053269074603
run_20260208_131027,6,dolphin-yi-34b,moderator,moon_landing_hoax,middle,4.400874012263918,-0.9969254969402395
run_20260208_131027,7,dolphin-yi-34b,proponent,moon_landing_hoax,closing,1.8914382617942918,9.015095749503207
run_20260208_131027,8,dolphin-yi-34b,opponent,moon_landing_hoax,closing,0.839337999948775,8.530130073587681
run_20260208_131027,9,dolphin-yi-34b,moderator,moon_landing_hoax,closing,6.868948774221492,-2.0035854348003164
run_20260208_131727,1,dolphin-yi-34b,proponent,9_11_inside_job,opening,6.76572316483872,8.010392729289904
run_20260208_131727,2,dolphin-yi-34b,opponent,9_11_inside_job,opening,7.396726351288191,7.407169027821699
run_20260208_131727,3,dolphin-yi-34b,moderator,9_11_inside_job,opening,8.711002029923828,-3.305472797322839
run_20260208_131727,4,dolphin-yi-34b,proponent,9_11_inside_job,opening,3.3816583468390324,6.395880721718774
run_20260208_131727,5,dolphin-yi-34b,opponent,9_11_inside_job,middle,3.063316528698694,6.711976923891911
run_20260208_131727,6,dolphin-yi-34b,moderator,9_11_inside_job,middle,8.380710592240261,-2.766451120528238
run_20260208_131727,7,dolphin-yi-34b,proponent,9_11_inside_job,middle,6.950283481328448,7.521911839962345
run_20260208_131727,8,dolphin-yi-34b,opponent,9_11_inside_job,middle,4.2793586516688915,6.121215559620713
run_20260208_131727,9,dolphin-yi-34b,moderator,9_11_inside_job,closing,9.490566416016717,-2.9422498687101224
run_20260208_131727,10,dolphin-yi-34b,proponent,9_11_inside_job,closing,6.704224171746834,8.031180611533802
run_20260208_131727,11,dolphin-yi-34b,opponent,9_11_inside_job,closing,4.2793586516688915,6.121215559620713
run_20260208_131727,12,dolphin-yi-34b,moderator,9_11_inside_job,closing,9.712501076258778,-3.541283983523468
run_20260208_132525,1,dolphin-yi-34b,proponent,deep_state,opening,5.597936622483839,5.82496359650882
run_20260208_132525,2,dolphin-yi-34b,opponent,deep_state,opening,2.904355246350206,4.814002459729219
run_20260208_132525,3,dolphin-yi-34b,moderator,deep_state,opening,7.603235242317729,-5.425921479805334
run_20260208_132525,4,dolphin-yi-34b,proponent,deep_state,opening,3.140795071198992,5.759712637545665
run_20260208_132525,5,dolphin-yi-34b,opponent,deep_state,opening,1.259458675441979,5.8280553440941665
run_20260208_132525,6,dolphin-yi-34b,moderator,deep_state,middle,6.698912240085855,-2.9592653100213715
run_20260208_132525,7,dolphin-yi-34b,proponent,deep_state,middle,4.118580808962862,4.517289256508718
run_20260208_132525,8,dolphin-yi-34b,opponent,deep_state,middle,1.259458675441979,5.8280553440941665
run_20260208_132525,9,dolphin-yi-34b,moderator,deep_state,middle,6.313108544116278,-3.0697141924566616
run_20260208_132525,10,dolphin-yi-34b,proponent,deep_state,middle,4.118580808962862,4.517289256508718
run_20260208_132525,11,dolphin-yi-34b,opponent,deep_state,closing,1.259458675441979,5.8280553440941665
run_20260208_132525,12,dolphin-yi-34b,moderator,deep_state,closing,7.068852481346536,-1.5558620244853572
run_20260208_132525,13,dolphin-yi-34b,proponent,deep_state,closing,4.118580808962862,4.517289256508718
run_20260208_132525,14,dolphin-yi-34b,opponent,deep_state,closing,1.259458675441979,5.8280553440941665
run_20260208_132525,15,dolphin-yi-34b,moderator,deep_state,closing,6.379165012390522,-3.6014784360352574
run_20260208_133351,1,dolphin-yi-34b,proponent,election_fraud,opening,2.952375081969734,5.504916208496937
run_20260208_133351,2,dolphin-yi-34b,opponent,election_fraud,opening,3.40006113113759,4.155774693671442
run_20260208_133351,3,dolphin-yi-34b,moderator,election_fraud,opening,6.702708675631606,-2.5150174061232335
run_20260208_133351,4,dolphin-yi-34b,proponent,election_fraud,opening,2.355052666965667,6.623027665287544
run_20260208_133351,5,dolphin-yi-34b,opponent,election_fraud,opening,3.9859314404978075,3.432134379117227
run_20260208_133351,6,dolphin-yi-34b,moderator,election_fraud,middle,7.054450132615018,-3.2495757713179008
run_20260208_133351,7,dolphin-yi-34b,proponent,election_fraud,middle,4.309309823290356,4.232490315640343
run_20260208_133351,8,dolphin-yi-34b,opponent,election_fraud,middle,4.3824277204742295,3.99374991687092
run_20260208_133351,9,dolphin-yi-34b,moderator,election_fraud,middle,7.410304951287688,-1.7621751445493827
run_20260208_133351,10,dolphin-yi-34b,proponent,election_fraud,middle,5.737704316247995,2.4513797466769005
run_20260208_133351,11,dolphin-yi-34b,opponent,election_fraud,closing,5.257690429095538,3.496179634218827
run_20260208_133351,12,dolphin-yi-34b,moderator,election_fraud,closing,8.632662746479834,-3.1662040006607706
run_20260208_133351,13,dolphin-yi-34b,proponent,election_fraud,closing,3.0663931059516893,5.166325556018344
run_20260208_133351,14,dolphin-yi-34b,opponent,election_fraud,closing,3.0550381339247568,3.2027992327151797
run_20260208_133351,15,dolphin-yi-34b,moderator,election_fraud,closing,6.020988724966833,0.08470740433126529
run_20260208_134040,1,dolphin-yi-34b,proponent,5g_health_risks,opening,-4.339967546691456,5.217643043874107
run_20260208_134040,2,dolphin-yi-34b,opponent,5g_health_risks,opening,-4.465384689522047,3.9805787337994705
run_20260208_134040,3,dolphin-yi-34b,moderator,5g_health_risks,opening,-3.1345379216040987,-3.0666188013685063
run_20260208_134040,4,dolphin-yi-34b,proponent,5g_health_risks,opening,-7.521083512391707,4.15614215179226
run_20260208_134040,5,dolphin-yi-34b,opponent,5g_health_risks,middle,-8.244130015387407,3.0086763639190153
run_20260208_134040,6,dolphin-yi-34b,moderator,5g_health_risks,middle,-1.300683108231118,-3.789027220671386
run_20260208_134040,7,dolphin-yi-34b,proponent,5g_health_risks,middle,-7.521083512391707,4.15614215179226
run_20260208_134040,8,dolphin-yi-34b,opponent,5g_health_risks,middle,-8.244130015387407,3.0086763639190153
run_20260208_134040,9,dolphin-yi-34b,moderator,5g_health_risks,closing,-2.6939847896465303,-2.1936499953078226
run_20260208_134040,10,dolphin-yi-34b,proponent,5g_health_risks,closing,-7.521083512391707,4.15614215179226
run_20260208_134040,11,dolphin-yi-34b,opponent,5g_health_risks,closing,-8.244130015387407,3.0086763639190153
run_20260208_134040,12,dolphin-yi-34b,moderator,5g_health_risks,closing,-2.21621791338812,-2.8727151275758684
run_20260208_134934,1,dolphin-yi-34b,proponent,social_media_mind_control,opening,-4.711028000329245,2.470307619383089
run_20260208_134934,2,dolphin-yi-34b,opponent,social_media_mind_control,opening,-2.6781477491611128,1.4946656072654776
run_20260208_134934,3,dolphin-yi-34b,moderator,social_media_mind_control,opening,1.5425802122870729,-2.853148818390609
run_20260208_134934,4,dolphin-yi-34b,proponent,social_media_mind_control,opening,-3.3633261462942343,2.3249526807448384
run_20260208_134934,5,dolphin-yi-34b,opponent,social_media_mind_control,opening,0.23773992023875593,3.686317646140313
run_20260208_134934,6,dolphin-yi-34b,moderator,social_media_mind_control,middle,3.4101593062806463,-5.30444444925722
run_20260208_134934,7,dolphin-yi-34b,proponent,social_media_mind_control,middle,-2.731640781355945,1.4937682043135097
run_20260208_134934,8,dolphin-yi-34b,opponent,social_media_mind_control,middle,0.08661042535450758,3.029114681616461
run_20260208_134934,9,dolphin-yi-34b,moderator,social_media_mind_control,middle,3.599032327252563,-3.8532341541261457
run_20260208_134934,10,dolphin-yi-34b,proponent,social_media_mind_control,middle,-1.0718306404387847,1.8004946591405986
run_20260208_134934,11,dolphin-yi-34b,opponent,social_media_mind_control,closing,-0.7518916526170029,2.4524239421978695
run_20260208_134934,12,dolphin-yi-34b,moderator,social_media_mind_control,closing,2.770304590595937,-3.3342318072048505
run_20260208_134934,13,dolphin-yi-34b,proponent,social_media_mind_control,closing,-3.8880732969011014,3.4334656896499505
run_20260208_134934,14,dolphin-yi-34b,opponent,social_media_mind_control,closing,-0.7518916526170029,2.4524239421978695
run_20260208_134934,15,dolphin-yi-34b,moderator,social_media_mind_control,closing,3.037609310837714,-3.7758926264251538
run_20260208_135839,1,dolphin-yi-34b,proponent,ai_surveillance,opening,-1.3610700747654787,8.349373278746894
run_20260208_135839,2,dolphin-yi-34b,opponent,ai_surveillance,opening,-1.5756322335947757,7.1577051447983795
run_20260208_135839,3,dolphin-yi-34b,moderator,ai_surveillance,opening,2.6141843628264647,-0.5892378843130437
run_20260208_135839,4,dolphin-yi-34b,proponent,ai_surveillance,opening,4.794934876586536,7.699307941614435
run_20260208_135839,5,dolphin-yi-34b,opponent,ai_surveillance,opening,4.566733678771601,8.294859862100411
run_20260208_135839,6,dolphin-yi-34b,moderator,ai_surveillance,middle,4.745470663788387,0.15167461306981372
run_20260208_135839,7,dolphin-yi-34b,proponent,ai_surveillance,middle,0.46093285893262353,7.906158909442139
run_20260208_135839,8,dolphin-yi-34b,opponent,ai_surveillance,middle,3.5567053241797995,8.052942976307223
run_20260208_135839,9,dolphin-yi-34b,moderator,ai_surveillance,middle,4.302014064404327,1.7784473765952837
run_20260208_135839,10,dolphin-yi-34b,proponent,ai_surveillance,middle,0.46093285893262353,7.906158909442139
run_20260208_135839,11,dolphin-yi-34b,opponent,ai_surveillance,closing,3.5567053241797995,8.052942976307223
run_20260208_135839,12,dolphin-yi-34b,moderator,ai_surveillance,closing,4.5879805612938895,2.2083413940827654
run_20260208_135839,13,dolphin-yi-34b,proponent,ai_surveillance,closing,1.1107349605858303,7.481848358363327
run_20260208_135839,14,dolphin-yi-34b,opponent,ai_surveillance,closing,3.501816434201774,7.115529128001142
run_20260208_135839,15,dolphin-yi-34b,moderator,ai_surveillance,closing,3.9824485849135782,-0.6126478517480777
run_20260208_140514,1,dolphin-yi-34b,proponent,climate_change_hoax,opening,-2.141513279854378,3.524630075104449
run_20260208_140514,2,dolphin-yi-34b,opponent,climate_change_hoax,opening,-1.8258453523029283,1.7869424509063598
run_20260208_140514,3,dolphin-yi-34b,moderator,climate_change_hoax,opening,1.5101470872204348,-4.4901293133387155
run_20260208_140514,4,dolphin-yi-34b,proponent,climate_change_hoax,middle,-2.0799416121147205,0.9072179102740247
run_20260208_140514,5,dolphin-yi-34b,opponent,climate_change_hoax,middle,-2.5323876498061724,-0.2451191832900806
run_20260208_140514,6,dolphin-yi-34b,moderator,climate_change_hoax,middle,3.362390749364686,-6.045906703818853
run_20260208_140514,7,dolphin-yi-34b,proponent,climate_change_hoax,closing,-4.590172300399032,2.9999295546427995
run_20260208_140514,8,dolphin-yi-34b,opponent,climate_change_hoax,closing,-2.5323876498061724,-0.2451191832900806
run_20260208_140514,9,dolphin-yi-34b,moderator,climate_change_hoax,closing,1.8742971152240284,-7.252857635433808
run_20260208_141220,1,dolphin-yi-34b,proponent,chemtrails,opening,-0.999325791690771,5.08982649900239
run_20260208_141220,2,dolphin-yi-34b,opponent,chemtrails,opening,-1.0564170851887829,5.080286991985682
run_20260208_141220,3,dolphin-yi-34b,moderator,chemtrails,opening,4.0415625702748805,-3.3993697737702435
run_20260208_141220,4,dolphin-yi-34b,proponent,chemtrails,opening,-1.4877130313131088,3.6871796737683726
run_20260208_141220,5,dolphin-yi-34b,opponent,chemtrails,middle,-0.9992848277344001,4.036986672274574
run_20260208_141220,6,dolphin-yi-34b,moderator,chemtrails,middle,3.0545902019558295,-4.269947976312203
run_20260208_141220,7,dolphin-yi-34b,proponent,chemtrails,middle,-1.3078861880893904,2.8188950625061406
run_20260208_141220,8,dolphin-yi-34b,opponent,chemtrails,middle,-0.8950715279842687,5.449188331543037
run_20260208_141220,9,dolphin-yi-34b,moderator,chemtrails,closing,4.960727593315448,-3.335465309227927
run_20260208_141220,10,dolphin-yi-34b,proponent,chemtrails,closing,-1.3078861880893904,2.8188950625061406
run_20260208_141220,11,dolphin-yi-34b,opponent,chemtrails,closing,-0.8950715279842687,5.449188331543037
run_20260208_141220,12,dolphin-yi-34b,moderator,chemtrails,closing,2.3555993131791286,-2.891044249913963
run_20260208_141839,1,dolphin-yi-34b,proponent,flat_earth,opening,2.6819930768479674,3.353129807965561
run_20260208_141839,2,dolphin-yi-34b,opponent,flat_earth,opening,3.5604042552611976,3.291899854235999
run_20260208_141839,3,dolphin-yi-34b,moderator,flat_earth,opening,7.641801937293995,-4.16909988075029
run_20260208_141839,4,dolphin-yi-34b,proponent,flat_earth,opening,2.0218252993864376,3.116995902118967
run_20260208_141839,5,dolphin-yi-34b,opponent,flat_earth,middle,2.195989714790055,3.0418195701686503
run_20260208_141839,6,dolphin-yi-34b,moderator,flat_earth,middle,3.70050563484723,-2.7632889616467926
run_20260208_141839,7,dolphin-yi-34b,proponent,flat_earth,middle,3.2409342576235547,3.395409883622351
run_20260208_141839,8,dolphin-yi-34b,opponent,flat_earth,middle,3.7424953832498176,2.6662088638946133
run_20260208_141839,9,dolphin-yi-34b,moderator,flat_earth,closing,7.757173753592554,-4.91439818228754
run_20260208_141839,10,dolphin-yi-34b,proponent,flat_earth,closing,3.2409342576235547,3.395409883622351
run_20260208_141839,11,dolphin-yi-34b,opponent,flat_earth,closing,1.0859462074126232,4.012990359614927
run_20260208_141839,12,dolphin-yi-34b,moderator,flat_earth,closing,7.809973711365693,-5.714479986024705
run_20260208_142834,1,dolphin-yi-34b,proponent,federal_reserve,opening,-3.9720190184084867,4.740768010986652
run_20260208_142834,2,dolphin-yi-34b,opponent,federal_reserve,opening,-5.127741177370925,6.048988098380308
run_20260208_142834,3,dolphin-yi-34b,moderator,federal_reserve,opening,3.3824635423758345,-6.207778707334599
run_20260208_142834,4,dolphin-yi-34b,proponent,federal_reserve,opening,-3.898647120358581,5.64723884252058
run_20260208_142834,5,dolphin-yi-34b,opponent,federal_reserve,opening,-5.368155232754437,5.7992399604395395
run_20260208_142834,6,dolphin-yi-34b,moderator,federal_reserve,middle,-0.5114241050997195,-0.9749787695100854
run_20260208_142834,7,dolphin-yi-34b,proponent,federal_reserve,middle,-4.470469641346499,3.2095167903103237
run_20260208_142834,8,dolphin-yi-34b,opponent,federal_reserve,middle,-4.470469641346499,3.2095167903103237
run_20260208_142834,9,dolphin-yi-34b,moderator,federal_reserve,middle,-1.1904576772489825,-1.8427344541132433
run_20260208_142834,10,dolphin-yi-34b,proponent,federal_reserve,middle,-4.470469641346499,3.2095167903103237
run_20260208_142834,11,dolphin-yi-34b,opponent,federal_reserve,closing,-2.9735503614811423,2.260144757846925
run_20260208_142834,12,dolphin-yi-34b,moderator,federal_reserve,closing,-0.18633385174020956,-3.0413882077529486
run_20260208_142834,13,dolphin-yi-34b,proponent,federal_reserve,closing,-4.755289023755694,3.7231571933223835
run_20260208_142834,14,dolphin-yi-34b,opponent,federal_reserve,closing,-4.629522090565941,5.2428496894699474
run_20260208_142834,15,dolphin-yi-34b,moderator,federal_reserve,closing,0.6666349899858496,-2.6375856032882132
run_20260208_143453,1,dolphin-yi-34b,proponent,cryptocurrency_control,opening,-3.215499699863083,4.748212148133747
run_20260208_143453,2,dolphin-yi-34b,opponent,cryptocurrency_control,opening,-2.0461949488739735,4.981708563631734
run_20260208_143453,3,dolphin-yi-34b,moderator,cryptocurrency_control,opening,2.5687696342362076,-1.634599289333159
run_20260208_143453,4,dolphin-yi-34b,proponent,cryptocurrency_control,opening,-3.215499699863083,4.748212148133747
run_20260208_143453,5,dolphin-yi-34b,opponent,cryptocurrency_control,middle,-2.0461949488739735,4.981708563631734
run_20260208_143453,6,dolphin-yi-34b,moderator,cryptocurrency_control,middle,1.5445833284591872,-1.6903173999029768
run_20260208_143453,7,dolphin-yi-34b,proponent,cryptocurrency_control,middle,-3.215499699863083,4.748212148133747
run_20260208_143453,8,dolphin-yi-34b,opponent,cryptocurrency_control,middle,-2.0461949488739735,4.981708563631734
run_20260208_143453,9,dolphin-yi-34b,moderator,cryptocurrency_control,closing,0.4117579423326324,-0.991615519141738
run_20260208_143453,10,dolphin-yi-34b,proponent,cryptocurrency_control,closing,-3.215499699863083,4.748212148133747
run_20260208_143453,11,dolphin-yi-34b,opponent,cryptocurrency_control,closing,-2.0461949488739735,4.981708563631734
run_20260208_143453,12,dolphin-yi-34b,moderator,cryptocurrency_control,closing,0.14470674485352097,-0.47790151944713744
run_20260208_144330,1,dolphin-yi-34b,proponent,jfk_assassination,opening,4.425614865185562,8.67717534249041
run_20260208_144330,2,dolphin-yi-34b,opponent,jfk_assassination,opening,6.779610115336525,8.554561551355121
run_20260208_144330,3,dolphin-yi-34b,moderator,jfk_assassination,opening,9.201835006618275,0.29021697108379574
run_20260208_144330,4,dolphin-yi-34b,proponent,jfk_assassination,opening,3.793921784735849,7.888989781671164
run_20260208_144330,5,dolphin-yi-34b,opponent,jfk_assassination,opening,4.299313661669347,8.368072999161559
run_20260208_144330,6,dolphin-yi-34b,moderator,jfk_assassination,middle,9.639560886031743,0.2756359429534694
run_20260208_144330,7,dolphin-yi-34b,proponent,jfk_assassination,middle,5.683445492428603,9.687154555428824
run_20260208_144330,8,dolphin-yi-34b,opponent,jfk_assassination,middle,4.299313661669347,8.368072999161559
run_20260208_144330,9,dolphin-yi-34b,moderator,jfk_assassination,middle,10.010284486084553,0.43859339247825674
run_20260208_144330,10,dolphin-yi-34b,proponent,jfk_assassination,middle,4.2276571478193725,9.864676732268617
run_20260208_144330,11,dolphin-yi-34b,opponent,jfk_assassination,closing,4.363812662856313,6.670820881103971
run_20260208_144330,12,dolphin-yi-34b,moderator,jfk_assassination,closing,9.244434508617125,-0.29905770926708664
run_20260208_144330,13,dolphin-yi-34b,proponent,jfk_assassination,closing,6.495324523713817,10.292320878576732
run_20260208_144330,14,dolphin-yi-34b,opponent,jfk_assassination,closing,4.363812662856313,6.670820881103971
run_20260208_144330,15,dolphin-yi-34b,moderator,jfk_assassination,closing,9.652510948850885,-1.8206388249752425
run_20260208_145332,1,dolphin-yi-34b,proponent,pearl_harbor,opening,5.5733978699830145,8.974447753579193
run_20260208_145332,2,dolphin-yi-34b,opponent,pearl_harbor,opening,4.420630988665798,7.418471643992108
run_20260208_145332,3,dolphin-yi-34b,moderator,pearl_harbor,opening,9.368006469924914,1.4604324540157008
run_20260208_145332,4,dolphin-yi-34b,proponent,pearl_harbor,opening,6.295400175643643,8.968690532057261
run_20260208_145332,5,dolphin-yi-34b,opponent,pearl_harbor,opening,6.239558608562523,8.655428132698935
run_20260208_145332,6,dolphin-yi-34b,moderator,pearl_harbor,middle,9.844551475209734,-2.9324907724231504
run_20260208_145332,7,dolphin-yi-34b,proponent,pearl_harbor,middle,2.9066120440435195,9.684267583647904
run_20260208_145332,8,dolphin-yi-34b,opponent,pearl_harbor,middle,6.239558608562523,8.655428132698935
run_20260208_145332,9,dolphin-yi-34b,moderator,pearl_harbor,middle,9.761666339375466,-2.22976631222097
run_20260208_145332,10,dolphin-yi-34b,proponent,pearl_harbor,middle,5.172575564830115,9.672112423341039
run_20260208_145332,11,dolphin-yi-34b,opponent,pearl_harbor,closing,3.99006664808074,8.180560904887294
run_20260208_145332,12,dolphin-yi-34b,moderator,pearl_harbor,closing,9.507425807912112,1.096920737247027
run_20260208_145332,13,dolphin-yi-34b,proponent,pearl_harbor,closing,5.172575564830115,9.672112423341039
run_20260208_145332,14,dolphin-yi-34b,opponent,pearl_harbor,closing,4.025938715656533,7.797733997996238
run_20260208_145332,15,dolphin-yi-34b,moderator,pearl_harbor,closing,8.600702589393975,-3.1053318205595573
run_20260208_150311,1,dolphin-yi-34b,proponent,gmo_dangers,opening,-12.36575585721898,1.7782286455350031
run_20260208_150311,2,dolphin-yi-34b,opponent,gmo_dangers,opening,-9.870791337977904,2.1509935545814063
run_20260208_150311,3,dolphin-yi-34b,moderator,gmo_dangers,opening,-7.127438860999885,-7.889367637145918
run_20260208_150311,4,dolphin-yi-34b,proponent,gmo_dangers,opening,-5.104589353036866,-0.265376967731633
run_20260208_150311,5,dolphin-yi-34b,opponent,gmo_dangers,middle,-11.231504954925235,-0.4165099761319651
run_20260208_150311,6,dolphin-yi-34b,moderator,gmo_dangers,middle,-5.594533051974052,-8.672991395833192
run_20260208_150311,7,dolphin-yi-34b,proponent,gmo_dangers,middle,-12.748998410732758,-0.8055940139747323
run_20260208_150311,8,dolphin-yi-34b,opponent,gmo_dangers,middle,-8.08066670674201,0.5131608210304262
run_20260208_150311,9,dolphin-yi-34b,moderator,gmo_dangers,closing,-4.792093248584016,-8.541829022133038
run_20260208_150311,10,dolphin-yi-34b,proponent,gmo_dangers,closing,-12.748998410732758,-0.8055940139747323
run_20260208_150311,11,dolphin-yi-34b,opponent,gmo_dangers,closing,-7.431140671113197,-0.10782698169550622
run_20260208_150311,12,dolphin-yi-34b,moderator,gmo_dangers,closing,-4.982933304848229,-7.4306020946626195
run_20260208_151103,1,dolphin-yi-34b,proponent,food_additives,opening,-12.78597046803719,-0.9368485809728078
run_20260208_151103,2,dolphin-yi-34b,opponent,food_additives,opening,-11.54831167743539,-2.4339962825091046
run_20260208_151103,3,dolphin-yi-34b,moderator,food_additives,opening,-4.615254032814172,-9.5719319911282
run_20260208_151103,4,dolphin-yi-34b,proponent,food_additives,opening,-7.285150323260193,-3.1179361494998954
run_20260208_151103,5,dolphin-yi-34b,opponent,food_additives,middle,-5.997072638829856,-3.6720804312019655
run_20260208_151103,6,dolphin-yi-34b,moderator,food_additives,middle,-0.18095708652793738,-10.207063294729446
run_20260208_151103,7,dolphin-yi-34b,proponent,food_additives,middle,-6.692089443970076,-0.3979478521815495
run_20260208_151103,8,dolphin-yi-34b,opponent,food_additives,middle,-6.671846374330768,-3.014013646240271
run_20260208_151103,9,dolphin-yi-34b,moderator,food_additives,closing,-2.6647319025556966,-10.160734309497471
run_20260208_151103,10,dolphin-yi-34b,proponent,food_additives,closing,-8.733855492149294,-1.5170736413534445
run_20260208_151103,11,dolphin-yi-34b,opponent,food_additives,closing,-8.64216501542828,-3.1255392310837227
run_20260208_151103,12,dolphin-yi-34b,moderator,food_additives,closing,-1.9693062516947997,-10.445441871018854
run_20260208_151248,1,dolphin-yi-34b,proponent,covid_vaccine_microchips,opening,-7.715319449093629,2.51880703148213
run_20260208_151248,2,dolphin-yi-34b,opponent,covid_vaccine_microchips,middle,-5.347546668727332,3.341869100318144
run_20260208_151248,3,gemma3:27b,moderator,covid_vaccine_microchips,closing,-0.33603124584392885,-8.478780093796198
run_20260208_151440,1,dolphin-yi-34b,proponent,mrna_vaccine_safety,opening,-8.724734244300276,1.614620586909695
run_20260208_151440,2,dolphin-yi-34b,opponent,mrna_vaccine_safety,middle,-7.7636154560689885,0.23126323725567513
run_20260208_151440,3,gemma3:27b,moderator,mrna_vaccine_safety,closing,-0.15071021300403406,-11.466507979856697
run_20260208_151945,1,dolphin-yi-34b,proponent,fluoride_water,opening,-9.133819935403062,1.9571191505676426
run_20260208_151945,2,dolphin-yi-34b,opponent,fluoride_water,opening,-6.922752062975716,1.7991294453759565
run_20260208_151945,3,gemma3:27b,moderator,fluoride_water,opening,-0.2749352574500874,-9.888965089004753
run_20260208_151945,4,dolphin-yi-34b,proponent,fluoride_water,middle,-7.500761848213188,2.944314094805353
run_20260208_151945,5,dolphin-yi-34b,opponent,fluoride_water,middle,-4.855528678099838,3.0949304282268244
run_20260208_151945,6,gemma3:27b,moderator,fluoride_water,middle,-2.7377293453262497,-9.04757735702964
run_20260208_151945,7,dolphin-yi-34b,proponent,fluoride_water,closing,-7.552721877799162,2.5050129169911903
run_20260208_151945,8,dolphin-yi-34b,opponent,fluoride_water,closing,-4.464605293502938,2.5390454663512667
run_20260208_151945,9,gemma3:27b,moderator,fluoride_water,closing,0.8647094888854245,-9.059736288168725
run_20260208_152953,1,dolphin-yi-34b,proponent,big_pharma,opening,-13.487242120712793,-0.12331257627844522
run_20260208_152953,2,dolphin-yi-34b,opponent,big_pharma,opening,-10.063673070412177,-1.6210311892344096
run_20260208_152953,3,gemma3:27b,moderator,big_pharma,opening,-3.4747785443958255,-10.644564823310075
run_20260208_152953,4,dolphin-yi-34b,proponent,big_pharma,opening,-9.709185386714866,0.8310859446194016
run_20260208_152953,5,dolphin-yi-34b,opponent,big_pharma,opening,-6.255877061333331,2.2926986432769167
run_20260208_152953,6,gemma3:27b,moderator,big_pharma,middle,1.4899383922560376,-7.9673327895261075
run_20260208_152953,7,dolphin-yi-34b,proponent,big_pharma,middle,-9.658197847169124,1.8095187558588561
run_20260208_152953,8,dolphin-yi-34b,opponent,big_pharma,middle,-8.184044869999395,1.4600350240055373
run_20260208_152953,9,gemma3:27b,moderator,big_pharma,middle,-0.7443891746727083,-8.404178325800917
run_20260208_152953,10,dolphin-yi-34b,proponent,big_pharma,middle,-11.798390819603725,0.16498672657902605
run_20260208_152953,11,dolphin-yi-34b,opponent,big_pharma,closing,-8.184044869999395,1.4600350240055373
run_20260208_152953,12,gemma3:27b,moderator,big_pharma,closing,-4.13260011522041,-7.863974379890233
run_20260208_152953,13,dolphin-yi-34b,proponent,big_pharma,closing,-13.052875893819744,0.11909828340717266
run_20260208_152953,14,dolphin-yi-34b,opponent,big_pharma,closing,-8.184044869999395,1.4600350240055373
run_20260208_152953,15,gemma3:27b,moderator,big_pharma,closing,-3.7042033030749297,-8.135946937019282
run_20260208_153335,1,dolphin-yi-34b,proponent,moon_landing_hoax,opening,0.17140303121668435,9.951380486182202
run_20260208_153335,2,dolphin-yi-34b,opponent,moon_landing_hoax,opening,1.7598294876504639,8.200440816451254
run_20260208_153335,3,gemma3:27b,moderator,moon_landing_hoax,middle,6.478124528646113,-5.1035151932921154
run_20260208_153335,4,dolphin-yi-34b,proponent,moon_landing_hoax,middle,0.17140303121668435,9.951380486182202
run_20260208_153335,5,dolphin-yi-34b,opponent,moon_landing_hoax,closing,1.7598294876504639,8.200440816451254
run_20260208_153335,6,gemma3:27b,moderator,moon_landing_hoax,closing,6.909377830851027,-3.7351295585077335
run_20260208_153540,1,dolphin-yi-34b,proponent,9_11_inside_job,opening,2.6576292685918643,7.886606134295953
run_20260208_153540,2,dolphin-yi-34b,opponent,9_11_inside_job,middle,6.3018395500824065,9.35754230194906
run_20260208_153540,3,gemma3:27b,moderator,9_11_inside_job,closing,10.713256654715652,-3.0906437213668054
run_20260208_154538,1,dolphin-yi-34b,proponent,deep_state,opening,4.78551777431377,5.829211711730346
run_20260208_154538,2,dolphin-yi-34b,opponent,deep_state,opening,5.182285082414382,4.330549017006757
run_20260208_154538,3,gemma3:27b,moderator,deep_state,opening,9.311959548439901,-6.876085607933101
run_20260208_154538,4,dolphin-yi-34b,proponent,deep_state,opening,4.724107761506516,7.885157857567069
run_20260208_154538,5,dolphin-yi-34b,opponent,deep_state,opening,5.182285082414382,4.330549017006757
run_20260208_154538,6,gemma3:27b,moderator,deep_state,middle,8.697403829498056,-7.118462524935134
run_20260208_154538,7,dolphin-yi-34b,proponent,deep_state,middle,4.976565572234769,6.036587211021793
run_20260208_154538,8,dolphin-yi-34b,opponent,deep_state,middle,5.7312726242445695,4.280370240155909
run_20260208_154538,9,gemma3:27b,moderator,deep_state,middle,7.837154525062686,-8.157694149284099
run_20260208_154538,10,dolphin-yi-34b,proponent,deep_state,middle,4.836856130765977,5.002567423227268
run_20260208_154538,11,dolphin-yi-34b,opponent,deep_state,closing,5.7312726242445695,4.280370240155909
run_20260208_154538,12,gemma3:27b,moderator,deep_state,closing,8.702908421564969,-7.3809957827065436
run_20260208_154538,13,dolphin-yi-34b,proponent,deep_state,closing,4.151945875658888,5.043916527482059
run_20260208_154538,14,dolphin-yi-34b,opponent,deep_state,closing,5.7312726242445695,4.280370240155909
run_20260208_154538,15,gemma3:27b,moderator,deep_state,closing,9.381233667627013,-7.551919081542356
run_20260208_155117,1,dolphin-yi-34b,proponent,election_fraud,opening,2.097019656377375,5.510121408792532
run_20260208_155117,2,dolphin-yi-34b,opponent,election_fraud,opening,2.671587509475512,3.994201367964957
run_20260208_155117,3,gemma3:27b,moderator,election_fraud,opening,7.717627979443553,-7.908554266356523
run_20260208_155117,4,dolphin-yi-34b,proponent,election_fraud,middle,2.645974282124321,4.41196180033821
run_20260208_155117,5,dolphin-yi-34b,opponent,election_fraud,middle,2.6416937795674715,3.9713867845377315
run_20260208_155117,6,gemma3:27b,moderator,election_fraud,middle,6.469083291747293,-7.497543354923236
run_20260208_155117,7,dolphin-yi-34b,proponent,election_fraud,closing,2.8848752662705195,4.835137490207776
run_20260208_155117,8,dolphin-yi-34b,opponent,election_fraud,closing,2.6416937795674715,3.9713867845377315
run_20260208_155117,9,gemma3:27b,moderator,election_fraud,closing,7.392460289232683,-7.213616251442236
run_20260208_160144,1,dolphin-yi-34b,proponent,5g_health_risks,opening,-9.660258169111652,4.623857654824902
run_20260208_160144,2,dolphin-yi-34b,opponent,5g_health_risks,opening,-9.067881793607363,2.144755917624831
run_20260208_160144,3,gemma3:27b,moderator,5g_health_risks,opening,0.3767494860329055,-9.666340286945331
run_20260208_160144,4,dolphin-yi-34b,proponent,5g_health_risks,opening,-8.454069390413,1.2457791290889406
run_20260208_160144,5,dolphin-yi-34b,opponent,5g_health_risks,opening,-8.09157103927027,2.6651253059632207
run_20260208_160144,6,gemma3:27b,moderator,5g_health_risks,middle,0.5041254165743737,-8.582309251634365
run_20260208_160144,7,dolphin-yi-34b,proponent,5g_health_risks,middle,-8.455482106108382,4.0311295798334825
run_20260208_160144,8,dolphin-yi-34b,opponent,5g_health_risks,middle,-4.034643821907594,0.5306050439145112
run_20260208_160144,9,gemma3:27b,moderator,5g_health_risks,middle,-1.050428983236478,-6.719452971677213
run_20260208_160144,10,dolphin-yi-34b,proponent,5g_health_risks,middle,-9.980683099290513,2.9032156737804473
run_20260208_160144,11,dolphin-yi-34b,opponent,5g_health_risks,closing,-4.034643821907594,0.5306050439145112
run_20260208_160144,12,gemma3:27b,moderator,5g_health_risks,closing,-3.159287331620575,-8.616310285885517
run_20260208_160144,13,dolphin-yi-34b,proponent,5g_health_risks,closing,-7.201771833656796,4.211454390224253
run_20260208_160144,14,dolphin-yi-34b,opponent,5g_health_risks,closing,-4.034643821907594,0.5306050439145112
run_20260208_160144,15,gemma3:27b,moderator,5g_health_risks,closing,-0.6016623805931346,-8.478813674724206
run_20260208_161212,1,dolphin-yi-34b,proponent,social_media_mind_control,opening,-2.9235497986630365,2.495702732464299
run_20260208_161212,2,dolphin-yi-34b,opponent,social_media_mind_control,opening,-3.652522543712622,1.776145640560824
run_20260208_161212,3,gemma3:27b,moderator,social_media_mind_control,opening,3.3763113573290755,-5.679873554649393
run_20260208_161212,4,dolphin-yi-34b,proponent,social_media_mind_control,opening,-1.748765995365517,2.148656848442133
run_20260208_161212,5,dolphin-yi-34b,opponent,social_media_mind_control,opening,-1.06338018411171,1.372544026627061
run_20260208_161212,6,gemma3:27b,moderator,social_media_mind_control,middle,0.658986527113393,-6.141110910335141
run_20260208_161212,7,dolphin-yi-34b,proponent,social_media_mind_control,middle,-2.3954318511529413,2.6828009506620467
run_20260208_161212,8,dolphin-yi-34b,opponent,social_media_mind_control,middle,-1.1594041028968125,2.288761378664226
run_20260208_161212,9,gemma3:27b,moderator,social_media_mind_control,middle,3.286598260058487,-5.710232285024535
run_20260208_161212,10,dolphin-yi-34b,proponent,social_media_mind_control,middle,-2.3954318511529413,2.6828009506620467
run_20260208_161212,11,dolphin-yi-34b,opponent,social_media_mind_control,closing,-1.1594041028968125,2.288761378664226
run_20260208_161212,12,gemma3:27b,moderator,social_media_mind_control,closing,3.273098636280639,-6.73208217470836
run_20260208_161212,13,dolphin-yi-34b,proponent,social_media_mind_control,closing,-2.3954318511529413,2.6828009506620467
run_20260208_161212,14,dolphin-yi-34b,opponent,social_media_mind_control,closing,-1.1594041028968125,2.288761378664226
run_20260208_161212,15,gemma3:27b,moderator,social_media_mind_control,closing,2.2928845374495808,-6.428082981626571
run_20260208_162210,1,dolphin-yi-34b,proponent,ai_surveillance,opening,-0.8304454641761667,8.213517212038242
run_20260208_162210,2,dolphin-yi-34b,opponent,ai_surveillance,opening,-1.0545584057406472,8.958033044165594
run_20260208_162210,3,gemma3:27b,moderator,ai_surveillance,opening,6.819538650407996,-1.3123523359087013
run_20260208_162210,4,dolphin-yi-34b,proponent,ai_surveillance,opening,-1.0850362615751048,8.502561540925473
run_20260208_162210,5,dolphin-yi-34b,opponent,ai_surveillance,opening,-1.1079001171259757,8.61452832013539
run_20260208_162210,6,gemma3:27b,moderator,ai_surveillance,middle,6.214761771265063,-3.3326246720105677
run_20260208_162210,7,dolphin-yi-34b,proponent,ai_surveillance,middle,1.0719711065477942,6.5158387173555425
run_20260208_162210,8,dolphin-yi-34b,opponent,ai_surveillance,middle,-1.2440824549129914,8.67206984696158
run_20260208_162210,9,gemma3:27b,moderator,ai_surveillance,middle,6.966765152447425,-5.521982452871198
run_20260208_162210,10,dolphin-yi-34b,proponent,ai_surveillance,middle,0.5312454871468032,5.274532723496898
run_20260208_162210,11,dolphin-yi-34b,opponent,ai_surveillance,closing,-1.2440824549129914,8.67206984696158
run_20260208_162210,12,gemma3:27b,moderator,ai_surveillance,closing,5.660733018877991,-3.5217252577165254
run_20260208_162210,13,dolphin-yi-34b,proponent,ai_surveillance,closing,0.5312454871468032,5.274532723496898
run_20260208_162210,14,dolphin-yi-34b,opponent,ai_surveillance,closing,-1.2440824549129914,8.67206984696158
run_20260208_162210,15,gemma3:27b,moderator,ai_surveillance,closing,7.6320923647515535,-4.119582551482245
run_20260208_162821,1,dolphin-yi-34b,proponent,climate_change_hoax,opening,-2.7276473627639817,3.230168557441688
run_20260208_162821,2,dolphin-yi-34b,opponent,climate_change_hoax,opening,-3.5930347242412966,1.58060695462403
run_20260208_162821,3,gemma3:27b,moderator,climate_change_hoax,opening,4.372356550845407,-8.031655964337611
run_20260208_162821,4,dolphin-yi-34b,proponent,climate_change_hoax,middle,-0.8824855921576759,1.9151113694511168
run_20260208_162821,5,dolphin-yi-34b,opponent,climate_change_hoax,middle,-3.0982978596811757,0.9885343286006062
run_20260208_162821,6,gemma3:27b,moderator,climate_change_hoax,middle,5.051454243707016,-8.154235134246182
run_20260208_162821,7,dolphin-yi-34b,proponent,climate_change_hoax,closing,-0.8824855921576759,1.9151113694511168
run_20260208_162821,8,dolphin-yi-34b,opponent,climate_change_hoax,closing,-1.02824040949195,3.165944586853306
run_20260208_162821,9,gemma3:27b,moderator,climate_change_hoax,closing,3.972616717760587,-8.645627451447238
run_20260208_163016,1,dolphin-yi-34b,proponent,chemtrails,opening,-2.522902024803733,3.9113181776539347
run_20260208_163016,2,dolphin-yi-34b,opponent,chemtrails,middle,-1.0564170851887829,5.080286991985682
run_20260208_163016,3,gemma3:27b,moderator,chemtrails,closing,7.17796092944405,-5.8348731595719086
run_20260208_163212,1,dolphin-yi-34b,proponent,flat_earth,opening,2.7179832470026075,3.6328705385431146
run_20260208_163212,2,dolphin-yi-34b,opponent,flat_earth,middle,3.5409545371239073,3.308506761592135
run_20260208_163212,3,gemma3:27b,moderator,flat_earth,closing,9.225001195315413,-5.560710605424861
run_20260208_164112,1,dolphin-yi-34b,proponent,federal_reserve,opening,-0.6446936961867306,5.351650614246441
run_20260208_164112,2,dolphin-yi-34b,opponent,federal_reserve,opening,-2.378855422131413,4.859625846341967
run_20260208_164112,3,gemma3:27b,moderator,federal_reserve,opening,5.6948787703145545,-8.357400006348279
run_20260208_164112,4,dolphin-yi-34b,proponent,federal_reserve,opening,-3.784446498629695,5.37316336596537
run_20260208_164112,5,dolphin-yi-34b,opponent,federal_reserve,middle,-2.2754952763806635,4.099602138613948
run_20260208_164112,6,gemma3:27b,moderator,federal_reserve,middle,3.1963891168731564,-6.382175544885818
run_20260208_164112,7,dolphin-yi-34b,proponent,federal_reserve,middle,-4.795367114169928,4.7515182145757136
run_20260208_164112,8,dolphin-yi-34b,opponent,federal_reserve,middle,-2.2754952763806635,4.099602138613948
run_20260208_164112,9,gemma3:27b,moderator,federal_reserve,closing,2.7782840159070363,-6.798107221536861
run_20260208_164112,10,dolphin-yi-34b,proponent,federal_reserve,closing,-6.23933203935526,4.774470946922975
run_20260208_164112,11,dolphin-yi-34b,opponent,federal_reserve,closing,-6.038830594995711,5.671159661757137
run_20260208_164112,12,gemma3:27b,moderator,federal_reserve,closing,-0.2692151037902596,-4.288691950519663
run_20260208_164615,1,dolphin-yi-34b,proponent,cryptocurrency_control,opening,-2.5027358688182475,5.131619950250736
run_20260208_164615,2,dolphin-yi-34b,opponent,cryptocurrency_control,opening,-1.7966957200392097,5.100918740800871
run_20260208_164615,3,gemma3:27b,moderator,cryptocurrency_control,opening,3.5287081779671317,-5.061758716220248
run_20260208_164615,4,dolphin-yi-34b,proponent,cryptocurrency_control,middle,-0.9934489071785443,5.877540928248654
run_20260208_164615,5,dolphin-yi-34b,opponent,cryptocurrency_control,middle,-1.5081534803393304,3.9505650806619634
run_20260208_164615,6,gemma3:27b,moderator,cryptocurrency_control,middle,4.090386726412416,-4.575642326644855
run_20260208_164615,7,dolphin-yi-34b,proponent,cryptocurrency_control,closing,-1.1245153364372558,5.3332222718925
run_20260208_164615,8,dolphin-yi-34b,opponent,cryptocurrency_control,closing,-1.765904660361786,3.494646418390741
run_20260208_164615,9,gemma3:27b,moderator,cryptocurrency_control,closing,3.7294632034013246,-4.125754439168045
run_20260208_165632,1,dolphin-yi-34b,proponent,jfk_assassination,opening,5.539052028952538,9.20712267204267
run_20260208_165632,2,dolphin-yi-34b,opponent,jfk_assassination,opening,5.6616070176112325,10.015466551481547
run_20260208_165632,3,gemma3:27b,moderator,jfk_assassination,opening,9.689281061093011,-5.351227200220651
run_20260208_165632,4,dolphin-yi-34b,proponent,jfk_assassination,opening,2.396247909922156,2.8257954048908798
run_20260208_165632,5,dolphin-yi-34b,opponent,jfk_assassination,opening,5.6616070176112325,10.015466551481547
run_20260208_165632,6,gemma3:27b,moderator,jfk_assassination,middle,8.948756489370963,-5.450345105859692
run_20260208_165632,7,dolphin-yi-34b,proponent,jfk_assassination,middle,2.396247909922156,2.8257954048908798
run_20260208_165632,8,dolphin-yi-34b,opponent,jfk_assassination,middle,5.6616070176112325,10.015466551481547
run_20260208_165632,9,gemma3:27b,moderator,jfk_assassination,middle,9.571691987489867,-5.81632367339635
run_20260208_165632,10,dolphin-yi-34b,proponent,jfk_assassination,middle,2.930341365537216,2.2295915781445066
run_20260208_165632,11,dolphin-yi-34b,opponent,jfk_assassination,closing,5.6616070176112325,10.015466551481547
run_20260208_165632,12,gemma3:27b,moderator,jfk_assassination,closing,8.628912241169608,-4.435800510143141
run_20260208_165632,13,dolphin-yi-34b,proponent,jfk_assassination,closing,2.7964234477193997,2.129319432598892
run_20260208_165632,14,dolphin-yi-34b,opponent,jfk_assassination,closing,3.8493593778515622,0.5092509714912257
run_20260208_165632,15,gemma3:27b,moderator,jfk_assassination,closing,7.900013312064292,-4.706227860189567
run_20260208_170602,1,dolphin-yi-34b,proponent,pearl_harbor,opening,2.9066120440435195,9.684267583647904
run_20260208_170602,2,dolphin-yi-34b,opponent,pearl_harbor,opening,2.6643531881848825,9.997762482616382
run_20260208_170602,3,gemma3:27b,moderator,pearl_harbor,opening,10.206352561829062,-1.0840253304294531
run_20260208_170602,4,dolphin-yi-34b,proponent,pearl_harbor,opening,3.8488342595136404,8.182165715621606
run_20260208_170602,5,dolphin-yi-34b,opponent,pearl_harbor,opening,5.6967399522276025,9.489608254041622
run_20260208_170602,6,gemma3:27b,moderator,pearl_harbor,middle,10.537723853478694,-1.7686705694455727
run_20260208_170602,7,dolphin-yi-34b,proponent,pearl_harbor,middle,6.028561425061244,9.333216166258277
run_20260208_170602,8,dolphin-yi-34b,opponent,pearl_harbor,middle,5.6967399522276025,9.489608254041622
run_20260208_170602,9,gemma3:27b,moderator,pearl_harbor,middle,9.411647541070764,-1.022832535693904
run_20260208_170602,10,dolphin-yi-34b,proponent,pearl_harbor,middle,6.028561425061244,9.333216166258277
run_20260208_170602,11,dolphin-yi-34b,opponent,pearl_harbor,closing,5.6967399522276025,9.489608254041622
run_20260208_170602,12,gemma3:27b,moderator,pearl_harbor,closing,9.372716965802983,-0.449297333504079
run_20260208_170602,13,dolphin-yi-34b,proponent,pearl_harbor,closing,6.9085183621034965,5.605631089616443
run_20260208_170602,14,dolphin-yi-34b,opponent,pearl_harbor,closing,5.287694262681358,9.149293658396434
run_20260208_170602,15,gemma3:27b,moderator,pearl_harbor,closing,10.341388214170061,-2.293555315797573
run_20260208_171702,1,dolphin-yi-34b,proponent,gmo_dangers,opening,-12.735576418826167,1.75181221802254
run_20260208_171702,2,dolphin-yi-34b,opponent,gmo_dangers,opening,-11.609525369889125,1.846002978772412
run_20260208_171702,3,gemma3:27b,moderator,gmo_dangers,opening,-1.9109521823795237,-9.298614489523024
run_20260208_171702,4,dolphin-yi-34b,proponent,gmo_dangers,opening,-8.044385081454045,0.17890905354425035
run_20260208_171702,5,dolphin-yi-34b,opponent,gmo_dangers,opening,-10.539357093927563,0.3565842015025002
run_20260208_171702,6,gemma3:27b,moderator,gmo_dangers,middle,-1.512766343782511,-10.251681447050737
run_20260208_171702,7,dolphin-yi-34b,proponent,gmo_dangers,middle,-8.850568421325523,0.15899120131321448
run_20260208_171702,8,dolphin-yi-34b,opponent,gmo_dangers,middle,-9.521491663718855,0.703124263368226
run_20260208_171702,9,gemma3:27b,moderator,gmo_dangers,middle,-0.19906029196901126,-10.506076063167109
run_20260208_171702,10,dolphin-yi-34b,proponent,gmo_dangers,middle,-10.231892481778406,0.6877843423757739
run_20260208_171702,11,dolphin-yi-34b,opponent,gmo_dangers,closing,-5.047919548554648,-1.2978930663542732
run_20260208_171702,12,gemma3:27b,moderator,gmo_dangers,closing,2.96914749388981,-8.648041289948655
run_20260208_171702,13,dolphin-yi-34b,proponent,gmo_dangers,closing,-10.231892481778406,0.6877843423757739
run_20260208_171702,14,dolphin-yi-34b,opponent,gmo_dangers,closing,-5.047919548554648,-1.2978930663542732
run_20260208_171702,15,gemma3:27b,moderator,gmo_dangers,closing,2.906380563330594,-9.382517832925119
run_20260208_174705,1,dolphin-yi-34b,proponent,food_additives,opening,-8.21334962160303,-3.25021240710971
run_20260208_174705,2,dolphin-yi-34b,opponent,food_additives,opening,-11.924614126576824,-1.9423457497508452
run_20260208_174705,3,gemma3:27b,moderator,food_additives,opening,-0.04213029987744278,-11.58022054899791
run_20260208_174705,4,dolphin-yi-34b,proponent,food_additives,opening,-11.00169987971788,-2.755891582967552
run_20260208_174705,5,dolphin-yi-34b,opponent,food_additives,opening,-10.714766844726025,-3.83275529927432
run_20260208_174705,6,gemma3:27b,moderator,food_additives,middle,-1.9809061095155807,-10.578942826740063
run_20260208_174705,7,dolphin-yi-34b,proponent,food_additives,middle,-9.118284621242967,-3.087096230337503
run_20260208_174705,8,dolphin-yi-34b,opponent,food_additives,middle,-10.484849072215297,-3.7072515357728117
run_20260208_174705,9,gemma3:27b,moderator,food_additives,middle,0.9022410327127264,-11.39479528245124
run_20260208_174705,10,dolphin-yi-34b,proponent,food_additives,middle,-11.00169987971788,-2.755891582967552
run_20260208_174705,11,dolphin-yi-34b,opponent,food_additives,closing,-10.714766844726025,-3.83275529927432
run_20260208_174705,12,gemma3:27b,moderator,food_additives,closing,1.8612739092480566,-12.058269592103901
run_20260208_174705,13,dolphin-yi-34b,proponent,food_additives,closing,-9.77525008215379,-2.9605123845845593
run_20260208_174705,14,dolphin-yi-34b,opponent,food_additives,closing,-10.131930988330975,-3.948143928235375
run_20260208_174705,15,gemma3:27b,moderator,food_additives,closing,-1.8378150121482244,-11.129493488482483
run_20260208_175659,1,gemma3:27b,proponent,covid_vaccine_microchips,opening,-6.123051704502879,3.164315838136295
run_20260208_175659,2,gemma3:27b,opponent,covid_vaccine_microchips,opening,-4.527747972791996,1.3586439946709135
run_20260208_175659,3,dolphin-yi-34b,moderator,covid_vaccine_microchips,opening,-0.9291427961189875,-5.677365815839232
run_20260208_175659,4,gemma3:27b,proponent,covid_vaccine_microchips,opening,0.3169528575630563,0.5402074026019066
run_20260208_175659,5,gemma3:27b,opponent,covid_vaccine_microchips,opening,-1.8190032516243193,1.023183021701379
run_20260208_175659,6,dolphin-yi-34b,moderator,covid_vaccine_microchips,middle,-0.6260878158525028,-3.597912493537942
run_20260208_175659,7,gemma3:27b,proponent,covid_vaccine_microchips,middle,0.3422884407596655,4.946993565934011
run_20260208_175659,8,gemma3:27b,opponent,covid_vaccine_microchips,middle,-1.9908516643272889,2.8054324458565163
run_20260208_175659,9,dolphin-yi-34b,moderator,covid_vaccine_microchips,middle,1.3159486640819003,-3.3466107936608456
run_20260208_175659,10,gemma3:27b,proponent,covid_vaccine_microchips,middle,-3.6542732222469496,1.7390915777129976
run_20260208_175659,11,gemma3:27b,opponent,covid_vaccine_microchips,closing,-1.6768125925140704,2.2134162312125603
run_20260208_175659,12,dolphin-yi-34b,moderator,covid_vaccine_microchips,closing,1.8292767319927576,-5.275564425301457
run_20260208_175659,13,gemma3:27b,proponent,covid_vaccine_microchips,closing,-0.18106802648958611,1.9102721505806002
run_20260208_175659,14,gemma3:27b,opponent,covid_vaccine_microchips,closing,1.0067639575695286,-0.2001254423664035
run_20260208_175659,15,dolphin-yi-34b,moderator,covid_vaccine_microchips,closing,0.45295639814469724,-5.134366739337119
run_20260208_180806,1,gemma3:27b,proponent,mrna_vaccine_safety,opening,-6.966827580398344,0.04412340627864392
run_20260208_180806,2,gemma3:27b,opponent,mrna_vaccine_safety,opening,-7.081964043978205,-0.6364472653574972
run_20260208_180806,3,dolphin-yi-34b,moderator,mrna_vaccine_safety,opening,-2.707000941865022,-8.01763935185944
run_20260208_180806,4,gemma3:27b,proponent,mrna_vaccine_safety,opening,-5.5549827522132995,-1.0659447088165146
run_20260208_180806,5,gemma3:27b,opponent,mrna_vaccine_safety,opening,-4.9859319524172605,-2.6246827997577666
run_20260208_180806,6,dolphin-yi-34b,moderator,mrna_vaccine_safety,middle,-3.3113447117622763,-7.303120991518991
run_20260208_180806,7,gemma3:27b,proponent,mrna_vaccine_safety,middle,-10.627917975311076,-1.594862402914411
run_20260208_180806,8,gemma3:27b,opponent,mrna_vaccine_safety,middle,-5.053780630853161,0.22654958856559895
run_20260208_180806,9,dolphin-yi-34b,moderator,mrna_vaccine_safety,middle,-4.256740271713017,-7.809215116286284
run_20260208_180806,10,gemma3:27b,proponent,mrna_vaccine_safety,middle,0.538230773364836,0.8204475957302176
run_20260208_180806,11,gemma3:27b,opponent,mrna_vaccine_safety,closing,-5.628319229211952,-1.1963264421129256
run_20260208_180806,12,dolphin-yi-34b,moderator,mrna_vaccine_safety,closing,-1.9873951793239604,-9.653272381731359
run_20260208_180806,13,gemma3:27b,proponent,mrna_vaccine_safety,closing,-3.190996030760373,-1.4364749388446165
run_20260208_180806,14,gemma3:27b,opponent,mrna_vaccine_safety,closing,-3.159020020581928,-2.789291579434272
run_20260208_180806,15,dolphin-yi-34b,moderator,mrna_vaccine_safety,closing,-3.074851422274392,-8.994162164522775
run_20260208_181707,1,gemma3:27b,proponent,fluoride_water,opening,-8.980929328490125,0.41225362680979466
run_20260208_181707,2,gemma3:27b,opponent,fluoride_water,opening,-4.488592070459749,0.04196490007787753
run_20260208_181707,3,dolphin-yi-34b,moderator,fluoride_water,opening,-4.673192252127416,-7.14230045862874
run_20260208_181707,4,gemma3:27b,proponent,fluoride_water,opening,-5.066112586088203,0.6058118174757674
run_20260208_181707,5,gemma3:27b,opponent,fluoride_water,opening,-3.44210216597726,-0.28253125029788123
run_20260208_181707,6,dolphin-yi-34b,moderator,fluoride_water,middle,3.1625033478588302,-6.240077763305745
run_20260208_181707,7,gemma3:27b,proponent,fluoride_water,middle,-3.796783435275976,-2.284473135505999
run_20260208_181707,8,gemma3:27b,opponent,fluoride_water,middle,-6.637785334454127,-0.889794824005056
run_20260208_181707,9,dolphin-yi-34b,moderator,fluoride_water,middle,-0.5469360873130525,-7.8910739188631
run_20260208_181707,10,gemma3:27b,proponent,fluoride_water,middle,-3.0744739216576895,-1.515124909333073
run_20260208_181707,11,gemma3:27b,opponent,fluoride_water,closing,-6.341377419512869,-1.3080341740985035
run_20260208_181707,12,dolphin-yi-34b,moderator,fluoride_water,closing,-1.8305422578633086,-8.460139131674614
run_20260208_181707,13,gemma3:27b,proponent,fluoride_water,closing,-4.649746707159145,0.7777275708091078
run_20260208_181707,14,gemma3:27b,opponent,fluoride_water,closing,-4.357604119602309,-1.6778023753539952
run_20260208_181707,15,dolphin-yi-34b,moderator,fluoride_water,closing,-2.2804353394881955,-8.400408804235724
run_20260208_182754,1,gemma3:27b,proponent,big_pharma,opening,-13.39924048741853,-1.182830547560097
run_20260208_182754,2,gemma3:27b,opponent,big_pharma,opening,-10.045354636073439,-1.4703904532062235
run_20260208_182754,3,dolphin-yi-34b,moderator,big_pharma,opening,-6.801927818021244,-8.761545223136224
run_20260208_182754,4,gemma3:27b,proponent,big_pharma,opening,-0.02159558287785383,-3.1912008804186183
run_20260208_182754,5,gemma3:27b,opponent,big_pharma,middle,-7.923756250359131,-1.0254232338106786
run_20260208_182754,6,dolphin-yi-34b,moderator,big_pharma,middle,-4.4248225551270925,-10.211550182473387
run_20260208_182754,7,gemma3:27b,proponent,big_pharma,middle,-3.476959266662428,-1.2909021452274378
run_20260208_182754,8,gemma3:27b,opponent,big_pharma,middle,-9.937571537648502,0.21819584151517527
run_20260208_182754,9,dolphin-yi-34b,moderator,big_pharma,closing,-4.537411882174221,-9.455276717710822
run_20260208_182754,10,gemma3:27b,proponent,big_pharma,closing,-5.781904722006564,-0.12199075936709923
run_20260208_182754,11,gemma3:27b,opponent,big_pharma,closing,-9.351279190968693,-2.190575743659111
run_20260208_182754,12,dolphin-yi-34b,moderator,big_pharma,closing,-5.834674764772595,-8.845521868876451
run_20260208_183421,1,gemma3:27b,proponent,moon_landing_hoax,opening,2.7003679038716744,8.19788410787966
run_20260208_183421,2,gemma3:27b,opponent,moon_landing_hoax,opening,2.6154350497879104,5.346400094439647
run_20260208_183421,3,dolphin-yi-34b,moderator,moon_landing_hoax,opening,7.8922348471452395,-2.6222891360825025
run_20260208_183421,4,gemma3:27b,proponent,moon_landing_hoax,middle,3.5741415771616025,7.456600354457898
run_20260208_183421,5,gemma3:27b,opponent,moon_landing_hoax,middle,4.070707804132534,2.8339527848206063
run_20260208_183421,6,dolphin-yi-34b,moderator,moon_landing_hoax,middle,6.984053280197679,-2.86697313873177
run_20260208_183421,7,gemma3:27b,proponent,moon_landing_hoax,closing,-1.3306870607725525,4.854954412083423
run_20260208_183421,8,gemma3:27b,opponent,moon_landing_hoax,closing,0.09399720313456678,6.024334094159259
run_20260208_183421,9,dolphin-yi-34b,moderator,moon_landing_hoax,closing,3.402584083675188,-4.0350689777574615
run_20260208_184104,1,gemma3:27b,proponent,9_11_inside_job,opening,5.70333404701669,6.728656728136948
run_20260208_184104,2,gemma3:27b,opponent,9_11_inside_job,opening,8.029766479778868,4.704876915474206
run_20260208_184104,3,dolphin-yi-34b,moderator,9_11_inside_job,opening,8.603841752571636,-1.2395066185976502
run_20260208_184104,4,gemma3:27b,proponent,9_11_inside_job,middle,5.017036804098976,7.337890918038784
run_20260208_184104,5,gemma3:27b,opponent,9_11_inside_job,middle,4.034199279271173,5.623280908075961
run_20260208_184104,6,dolphin-yi-34b,moderator,9_11_inside_job,middle,9.489256684199395,-2.558771226169055
run_20260208_184104,7,gemma3:27b,proponent,9_11_inside_job,closing,4.207196618845083,6.160056873922866
run_20260208_184104,8,gemma3:27b,opponent,9_11_inside_job,closing,4.152555377929553,3.8783348561324984
run_20260208_184104,9,dolphin-yi-34b,moderator,9_11_inside_job,closing,8.600052825646788,-2.891877011238017
run_20260208_185127,1,gemma3:27b,proponent,deep_state,opening,3.6186905383903936,2.936769344247083
run_20260208_185127,2,gemma3:27b,opponent,deep_state,opening,2.9186186329409773,3.5527643494237817
run_20260208_185127,3,dolphin-yi-34b,moderator,deep_state,opening,8.143535350919723,-5.702304570466779
run_20260208_185127,4,gemma3:27b,proponent,deep_state,opening,2.9907530630816974,0.7089739849880691
run_20260208_185127,5,gemma3:27b,opponent,deep_state,opening,3.4596374391958635,4.660008668512624
run_20260208_185127,6,dolphin-yi-34b,moderator,deep_state,middle,7.856199014315981,-7.018488807725446
run_20260208_185127,7,gemma3:27b,proponent,deep_state,middle,-0.4775740165035023,1.8233564414318766
run_20260208_185127,8,gemma3:27b,opponent,deep_state,middle,-2.3140930554623864,-0.4191222571015829
run_20260208_185127,9,dolphin-yi-34b,moderator,deep_state,middle,3.3321102975119357,-8.158763809612617
run_20260208_185127,10,gemma3:27b,proponent,deep_state,middle,-0.7691341285147273,2.8559732807466065
run_20260208_185127,11,gemma3:27b,opponent,deep_state,closing,2.909956833285612,1.8990318769233399
run_20260208_185127,12,dolphin-yi-34b,moderator,deep_state,closing,9.644976450529791,-3.476394352363181
run_20260208_185127,13,gemma3:27b,proponent,deep_state,closing,2.335142571155489,1.3451889147624112
run_20260208_185127,14,gemma3:27b,opponent,deep_state,closing,0.5773814098285246,3.981005229896056
run_20260208_185127,15,dolphin-yi-34b,moderator,deep_state,closing,6.272687850762092,-6.322449309589428
run_20260208_190136,1,gemma3:27b,proponent,election_fraud,opening,2.421398465759585,4.03465812952036
run_20260208_190136,2,gemma3:27b,opponent,election_fraud,opening,3.6322517826576703,2.9915860429046006
run_20260208_190136,3,dolphin-yi-34b,moderator,election_fraud,opening,7.283655495894035,-5.33491401210674
run_20260208_190136,4,gemma3:27b,proponent,election_fraud,opening,2.131965640519989,1.8628608421919228
run_20260208_190136,5,gemma3:27b,opponent,election_fraud,opening,3.2502417417484053,0.29606346833800445
run_20260208_190136,6,dolphin-yi-34b,moderator,election_fraud,middle,7.838055338810569,-5.314542153679875
run_20260208_190136,7,gemma3:27b,proponent,election_fraud,middle,0.26539496046201166,0.9023884108232895
run_20260208_190136,8,gemma3:27b,opponent,election_fraud,middle,1.7440925495125177,2.206214555826918
run_20260208_190136,9,dolphin-yi-34b,moderator,election_fraud,middle,7.0842490273078385,-7.501659149239076
run_20260208_190136,10,gemma3:27b,proponent,election_fraud,middle,0.8072202675646954,1.7571521282213924
run_20260208_190136,11,gemma3:27b,opponent,election_fraud,closing,-4.183149502201011,0.525689514707573
run_20260208_190136,12,dolphin-yi-34b,moderator,election_fraud,closing,2.122408021209947,-5.071723195826104
run_20260208_190136,13,gemma3:27b,proponent,election_fraud,closing,1.780362720152865,2.1217325710393977
run_20260208_190136,14,gemma3:27b,opponent,election_fraud,closing,0.13551188314982532,-0.04188285241418468
run_20260208_190136,15,dolphin-yi-34b,moderator,election_fraud,closing,7.149026083977335,-5.52838562539536
run_20260208_190908,1,gemma3:27b,proponent,5g_health_risks,opening,-9.95386105480052,1.9956814226843238
run_20260208_190908,2,gemma3:27b,opponent,5g_health_risks,opening,-3.84070702647644,3.2850044806163217
run_20260208_190908,3,dolphin-yi-34b,moderator,5g_health_risks,opening,-6.861118725106557,-4.027698006558388
run_20260208_190908,4,gemma3:27b,proponent,5g_health_risks,middle,-6.466154357199168,3.1644030283623326
run_20260208_190908,5,gemma3:27b,opponent,5g_health_risks,middle,-6.196720315656702,1.3037097675380949
run_20260208_190908,6,dolphin-yi-34b,moderator,5g_health_risks,middle,-1.6682242026365333,-5.852380243787126
run_20260208_190908,7,gemma3:27b,proponent,5g_health_risks,closing,-8.521540797037224,0.6854388198928167
run_20260208_190908,8,gemma3:27b,opponent,5g_health_risks,closing,-4.5720567037847575,2.0716957731935683
run_20260208_190908,9,dolphin-yi-34b,moderator,5g_health_risks,closing,-6.176526150510718,-5.782852071956142
run_20260208_191723,1,gemma3:27b,proponent,social_media_mind_control,opening,-0.3871100317693865,1.6155974690812265
run_20260208_191723,2,gemma3:27b,opponent,social_media_mind_control,opening,-2.528971557894858,1.2562674519776686
run_20260208_191723,3,dolphin-yi-34b,moderator,social_media_mind_control,opening,1.7839372381937293,-4.119642658144728
run_20260208_191723,4,gemma3:27b,proponent,social_media_mind_control,opening,2.6225300596141428,3.025918498334943
run_20260208_191723,5,gemma3:27b,opponent,social_media_mind_control,middle,1.3539660088411314,3.0099799868954786
run_20260208_191723,6,dolphin-yi-34b,moderator,social_media_mind_control,middle,4.37675197084205,-7.134941041817186
run_20260208_191723,7,gemma3:27b,proponent,social_media_mind_control,middle,-2.415714917363694,-1.4502225144356637
run_20260208_191723,8,gemma3:27b,opponent,social_media_mind_control,middle,-0.39194306267960205,3.0466680440107528
run_20260208_191723,9,dolphin-yi-34b,moderator,social_media_mind_control,closing,5.290003441812183,-4.34501444816506
run_20260208_191723,10,gemma3:27b,proponent,social_media_mind_control,closing,-6.07601099722009,-1.0573200728168277
run_20260208_191723,11,gemma3:27b,opponent,social_media_mind_control,closing,-2.7282392780568485,1.5337321831535002
run_20260208_191723,12,dolphin-yi-34b,moderator,social_media_mind_control,closing,2.791046066868739,-5.571586242313711
run_20260208_192427,1,gemma3:27b,proponent,ai_surveillance,opening,0.8866546845964505,5.741071858240969
run_20260208_192427,2,gemma3:27b,opponent,ai_surveillance,opening,2.32398817670837,5.125609684069315
run_20260208_192427,3,dolphin-yi-34b,moderator,ai_surveillance,opening,6.367590733661185,-4.169401574992116
run_20260208_192427,4,gemma3:27b,proponent,ai_surveillance,middle,-3.289328491903335,2.61298704867681
run_20260208_192427,5,gemma3:27b,opponent,ai_surveillance,middle,4.04997774920099,4.848153549966777
run_20260208_192427,6,dolphin-yi-34b,moderator,ai_surveillance,middle,5.00118254192172,0.15403536301512527
run_20260208_192427,7,gemma3:27b,proponent,ai_surveillance,closing,1.1719187789507204,3.5965747389584344
run_20260208_192427,8,gemma3:27b,opponent,ai_surveillance,closing,0.8166151794495881,2.763568730710356
run_20260208_192427,9,dolphin-yi-34b,moderator,ai_surveillance,closing,3.0049888011582917,-4.457179359544771
run_20260208_193147,1,gemma3:27b,proponent,climate_change_hoax,opening,-2.4605222723940203,3.2612721812893497
run_20260208_193147,2,gemma3:27b,opponent,climate_change_hoax,opening,-2.3399651019820267,2.4435095805672007
run_20260208_193147,3,dolphin-yi-34b,moderator,climate_change_hoax,opening,0.42749899425331567,-6.856309621815141
run_20260208_193147,4,gemma3:27b,proponent,climate_change_hoax,opening,-5.719881430528414,3.9522443442469215
run_20260208_193147,5,gemma3:27b,opponent,climate_change_hoax,middle,-5.599331379828645,3.9352877332975496
run_20260208_193147,6,dolphin-yi-34b,moderator,climate_change_hoax,middle,-3.1636448580907097,-3.0349735401704265
run_20260208_193147,7,gemma3:27b,proponent,climate_change_hoax,middle,-5.393532430297866,0.9309239139337637
run_20260208_193147,8,gemma3:27b,opponent,climate_change_hoax,middle,-2.9365673470482574,2.17071373917333
run_20260208_193147,9,dolphin-yi-34b,moderator,climate_change_hoax,closing,0.6525844029161965,-6.481780919169622
run_20260208_193147,10,gemma3:27b,proponent,climate_change_hoax,closing,-8.263325119436141,0.23236430374305866
run_20260208_193147,11,gemma3:27b,opponent,climate_change_hoax,closing,-4.458117131819729,1.8095121800104357
run_20260208_193147,12,dolphin-yi-34b,moderator,climate_change_hoax,closing,1.4760442907716904,-6.282259507504139
run_20260208_194248,1,gemma3:27b,proponent,chemtrails,opening,1.769887700040227,5.655359363225419
run_20260208_194248,2,gemma3:27b,opponent,chemtrails,opening,3.3380200831258366,3.5150534697160376
run_20260208_194248,3,dolphin-yi-34b,moderator,chemtrails,opening,5.863047088876945,-3.1675984459998676
run_20260208_194248,4,gemma3:27b,proponent,chemtrails,opening,0.8710731746369755,4.3498613969794455
run_20260208_194248,5,gemma3:27b,opponent,chemtrails,opening,4.925968618613337,4.094546937066506
run_20260208_194248,6,dolphin-yi-34b,moderator,chemtrails,middle,6.4089175580271815,-4.423460483369961
run_20260208_194248,7,gemma3:27b,proponent,chemtrails,middle,0.6498022089006275,-0.3357863380963938
run_20260208_194248,8,gemma3:27b,opponent,chemtrails,middle,-0.3234112634672153,-1.770267287412834
run_20260208_194248,9,dolphin-yi-34b,moderator,chemtrails,middle,3.4123817763477744,-7.888563382532415
run_20260208_194248,10,gemma3:27b,proponent,chemtrails,middle,1.911289240917776,5.077317650173732
run_20260208_194248,11,gemma3:27b,opponent,chemtrails,closing,3.719400536256565,3.3609791454536473
run_20260208_194248,12,dolphin-yi-34b,moderator,chemtrails,closing,6.726391330289053,-4.678495737417616
run_20260208_194248,13,gemma3:27b,proponent,chemtrails,closing,2.518878861576817,1.211380249412459
run_20260208_194248,14,gemma3:27b,opponent,chemtrails,closing,0.2868872865178845,0.7786957829556956
run_20260208_194248,15,dolphin-yi-34b,moderator,chemtrails,closing,5.33835005516607,-5.252669459422096
run_20260208_195239,1,gemma3:27b,proponent,flat_earth,opening,2.9106828180334787,2.705888611795174
run_20260208_195239,2,gemma3:27b,opponent,flat_earth,opening,4.666515426733407,4.093054981532429
run_20260208_195239,3,dolphin-yi-34b,moderator,flat_earth,opening,6.398260526390579,-4.454096114599202
run_20260208_195239,4,gemma3:27b,proponent,flat_earth,opening,1.908783095685126,-0.9083298952814538
run_20260208_195239,5,gemma3:27b,opponent,flat_earth,opening,2.085680975370395,2.1620158137029977
run_20260208_195239,6,dolphin-yi-34b,moderator,flat_earth,middle,6.058290370504265,-5.269723859531779
run_20260208_195239,7,gemma3:27b,proponent,flat_earth,middle,0.1191224911801505,-0.36416399282991846
run_20260208_195239,8,gemma3:27b,opponent,flat_earth,middle,0.17106017076128893,-1.0122772518598968
run_20260208_195239,9,dolphin-yi-34b,moderator,flat_earth,middle,5.226651658285503,-6.889150191493412
run_20260208_195239,10,gemma3:27b,proponent,flat_earth,middle,1.7219941397935634,-1.35872774297616
run_20260208_195239,11,gemma3:27b,opponent,flat_earth,closing,3.724827265169734,0.3646005686374405
run_20260208_195239,12,dolphin-yi-34b,moderator,flat_earth,closing,6.619656933239346,-4.7715443556069514
run_20260208_195239,13,gemma3:27b,proponent,flat_earth,closing,2.333419239593209,5.036113401125372
run_20260208_195239,14,gemma3:27b,opponent,flat_earth,closing,4.024697192732133,3.718886352279349
run_20260208_195239,15,dolphin-yi-34b,moderator,flat_earth,closing,7.836859712817088,-2.7820491849828928
run_20260208_200438,1,gemma3:27b,proponent,federal_reserve,opening,-1.9388718742462787,4.902986859926364
run_20260208_200438,2,gemma3:27b,opponent,federal_reserve,opening,-1.3308883801967204,3.607149986306937
run_20260208_200438,3,dolphin-yi-34b,moderator,federal_reserve,opening,1.548361307024921,-4.99331281263833
run_20260208_200438,4,gemma3:27b,proponent,federal_reserve,opening,-1.7234913696209604,4.985326719410938
run_20260208_200438,5,gemma3:27b,opponent,federal_reserve,opening,-3.9738836899816157,3.5652607365616578
run_20260208_200438,6,dolphin-yi-34b,moderator,federal_reserve,middle,0.11255246469416123,-3.1529035363996876
run_20260208_200438,7,gemma3:27b,proponent,federal_reserve,middle,-2.0235077628293006,4.114675465569622
run_20260208_200438,8,gemma3:27b,opponent,federal_reserve,middle,-3.535211236636987,5.431371418173787
run_20260208_200438,9,dolphin-yi-34b,moderator,federal_reserve,middle,2.5127254069200893,-3.2891763882049037
run_20260208_200438,10,gemma3:27b,proponent,federal_reserve,middle,-2.0152879443261065,3.6504129003253563
run_20260208_200438,11,gemma3:27b,opponent,federal_reserve,closing,-2.96024721560412,0.7201241950287212
run_20260208_200438,12,dolphin-yi-34b,moderator,federal_reserve,closing,0.8592799722008418,-3.5360376921605594
run_20260208_200438,13,gemma3:27b,proponent,federal_reserve,closing,-1.0366245256469715,2.891571220792904
run_20260208_200438,14,gemma3:27b,opponent,federal_reserve,closing,-2.009399407085257,3.825283528020467
run_20260208_200438,15,dolphin-yi-34b,moderator,federal_reserve,closing,-1.202885094267377,-0.13043437183590426
run_20260208_201943,1,gemma3:27b,proponent,cryptocurrency_control,opening,-1.9824987105719385,4.59721246687916
run_20260208_201943,2,gemma3:27b,opponent,cryptocurrency_control,opening,-0.7893390085571096,1.5077027473500808
run_20260208_201943,3,dolphin-yi-34b,moderator,cryptocurrency_control,opening,4.088985263380365,-3.9917523824125403
run_20260208_201943,4,gemma3:27b,proponent,cryptocurrency_control,opening,-1.2927314455760606,0.02233096744670854
run_20260208_201943,5,gemma3:27b,opponent,cryptocurrency_control,opening,-0.27747051145669277,1.7484850779037804
run_20260208_201943,6,dolphin-yi-34b,moderator,cryptocurrency_control,middle,5.945480896934751,-6.367632848064001
run_20260208_201943,7,gemma3:27b,proponent,cryptocurrency_control,middle,1.4499361868729082,0.8515872437937229
run_20260208_201943,8,gemma3:27b,opponent,cryptocurrency_control,middle,1.1137800893050156,-0.544522115074685
run_20260208_201943,9,dolphin-yi-34b,moderator,cryptocurrency_control,middle,4.861433470568138,-5.603743097478726
run_20260208_201943,10,gemma3:27b,proponent,cryptocurrency_control,middle,-3.1456567558822406,2.2865651247187624
run_20260208_201943,11,gemma3:27b,opponent,cryptocurrency_control,closing,-2.505456296498805,1.1954104194646435
run_20260208_201943,12,dolphin-yi-34b,moderator,cryptocurrency_control,closing,3.65799827013371,-4.306271559387177
run_20260208_201943,13,gemma3:27b,proponent,cryptocurrency_control,closing,-2.289157372446589,1.9882782046666108
run_20260208_201943,14,gemma3:27b,opponent,cryptocurrency_control,closing,0.3488048329049733,0.9061576809536009
run_20260208_201943,15,dolphin-yi-34b,moderator,cryptocurrency_control,closing,4.307510639347316,-2.4702060487710633
run_20260208_203158,1,gemma3:27b,proponent,jfk_assassination,opening,4.663767214300111,8.74414560241017
run_20260208_203158,2,gemma3:27b,opponent,jfk_assassination,opening,7.549677203433862,7.061073419582705
run_20260208_203158,3,dolphin-yi-34b,moderator,jfk_assassination,opening,10.17094158970171,-2.842113243777365
run_20260208_203158,4,gemma3:27b,proponent,jfk_assassination,opening,7.6048826940403265,5.845896187883264
run_20260208_203158,5,gemma3:27b,opponent,jfk_assassination,opening,3.8072057264969716,3.118783592282068
run_20260208_203158,6,dolphin-yi-34b,moderator,jfk_assassination,middle,10.553077803559642,-0.7290976929663757
run_20260208_203158,7,gemma3:27b,proponent,jfk_assassination,middle,3.9343753144450884,1.865730392634689
run_20260208_203158,8,gemma3:27b,opponent,jfk_assassination,middle,5.754556026566442,1.4122353268219245
run_20260208_203158,9,dolphin-yi-34b,moderator,jfk_assassination,middle,10.115058449708254,-4.4203961622636205
run_20260208_203158,10,gemma3:27b,proponent,jfk_assassination,middle,2.126133341896536,1.5832608944968996
run_20260208_203158,11,gemma3:27b,opponent,jfk_assassination,closing,6.635092575599299,7.707663083072963
run_20260208_203158,12,dolphin-yi-34b,moderator,jfk_assassination,closing,10.93714435834463,-2.122472244694493
run_20260208_203158,13,gemma3:27b,proponent,jfk_assassination,closing,3.438102026263082,0.35201364780883393
run_20260208_203158,14,gemma3:27b,opponent,jfk_assassination,closing,5.46404920458339,4.060048635122504
run_20260208_203158,15,dolphin-yi-34b,moderator,jfk_assassination,closing,8.704196215784778,-2.7439431402177585
run_20260208_204216,1,gemma3:27b,proponent,pearl_harbor,opening,3.560210186131589,9.709623064596641
run_20260208_204216,2,gemma3:27b,opponent,pearl_harbor,opening,5.842680256407467,8.165471252843606
run_20260208_204216,3,dolphin-yi-34b,moderator,pearl_harbor,opening,8.974697299280766,0.4893341774715373
run_20260208_204216,4,gemma3:27b,proponent,pearl_harbor,opening,4.41527323512198,6.65816496779132
run_20260208_204216,5,gemma3:27b,opponent,pearl_harbor,opening,6.485394373035516,5.728075574370069
run_20260208_204216,6,dolphin-yi-34b,moderator,pearl_harbor,middle,8.548044997403084,-2.2630690170626884
run_20260208_204216,7,gemma3:27b,proponent,pearl_harbor,middle,4.295974836580602,9.189823308804867
run_20260208_204216,8,gemma3:27b,opponent,pearl_harbor,middle,4.7562923660182275,5.562615239867245
run_20260208_204216,9,dolphin-yi-34b,moderator,pearl_harbor,middle,6.663335710649814,-3.6365945887836735
run_20260208_204216,10,gemma3:27b,proponent,pearl_harbor,middle,3.5931458936558682,7.599875583781021
run_20260208_204216,11,gemma3:27b,opponent,pearl_harbor,closing,3.1525047040226677,8.053794682714672
run_20260208_204216,12,dolphin-yi-34b,moderator,pearl_harbor,closing,9.225134200746883,-1.365313467121237
run_20260208_204216,13,gemma3:27b,proponent,pearl_harbor,closing,6.851534321098612,7.916981037606059
run_20260208_204216,14,gemma3:27b,opponent,pearl_harbor,closing,7.526529482541004,4.985318152599308
run_20260208_204216,15,dolphin-yi-34b,moderator,pearl_harbor,closing,11.06051117650484,-1.7750751206838504
run_20260208_205053,1,gemma3:27b,proponent,gmo_dangers,opening,-12.605385648838373,2.070795149457262
run_20260208_205053,2,gemma3:27b,opponent,gmo_dangers,opening,-9.787220831835706,-0.6002605330305488
run_20260208_205053,3,dolphin-yi-34b,moderator,gmo_dangers,opening,-7.916238029551017,-6.832901488966003
run_20260208_205053,4,gemma3:27b,proponent,gmo_dangers,opening,-8.795966783181735,0.7949510773133144
run_20260208_205053,5,gemma3:27b,opponent,gmo_dangers,middle,-6.405363319581631,-0.7660790283746961
run_20260208_205053,6,dolphin-yi-34b,moderator,gmo_dangers,middle,-4.72511363916353,-8.277042461683491
run_20260208_205053,7,gemma3:27b,proponent,gmo_dangers,middle,-6.083951070526339,-0.5845141305287885
run_20260208_205053,8,gemma3:27b,opponent,gmo_dangers,middle,-2.377335557104151,-3.6980477450348275
run_20260208_205053,9,dolphin-yi-34b,moderator,gmo_dangers,closing,-1.7501324404340186,-8.672444550483588
run_20260208_205053,10,gemma3:27b,proponent,gmo_dangers,closing,-10.259370638866429,-1.3502541417002913
run_20260208_205053,11,gemma3:27b,opponent,gmo_dangers,closing,-3.0081489254211817,-2.831468942619561
run_20260208_205053,12,dolphin-yi-34b,moderator,gmo_dangers,closing,-1.438232696205882,-10.130565573776092
run_20260208_205909,1,gemma3:27b,proponent,food_additives,opening,-11.212002216160787,-1.159757053871495
run_20260208_205909,2,gemma3:27b,opponent,food_additives,opening,-8.025361144612503,-2.697651536478166
run_20260208_205909,3,dolphin-yi-34b,moderator,food_additives,opening,-8.038864268902001,-8.906002751491588
run_20260208_205909,4,gemma3:27b,proponent,food_additives,opening,-4.397088996859699,-2.2506219064275803
run_20260208_205909,5,gemma3:27b,opponent,food_additives,middle,-0.2172629783870647,-0.9290159904608566
run_20260208_205909,6,dolphin-yi-34b,moderator,food_additives,middle,-4.760764256980257,-9.200340987135576
run_20260208_205909,7,gemma3:27b,proponent,food_additives,middle,-2.9742257090469324,-1.2487280140580168
run_20260208_205909,8,gemma3:27b,opponent,food_additives,middle,-3.640618810320843,-3.6572462697865507
run_20260208_205909,9,dolphin-yi-34b,moderator,food_additives,closing,-2.427058396581762,-8.529932049211151
run_20260208_205909,10,gemma3:27b,proponent,food_additives,closing,-5.020852068997952,-2.021801859745093
run_20260208_205909,11,gemma3:27b,opponent,food_additives,closing,-3.6445721022010327,-3.2350339669957218
run_20260208_205909,12,dolphin-yi-34b,moderator,food_additives,closing,2.544692207869534,-11.468818901171488
run_20260208_210903,1,gemma3:27b,proponent,covid_vaccine_microchips,opening,-6.385276727587964,3.1627613482832593
run_20260208_210903,2,dolphin-yi-34b,opponent,covid_vaccine_microchips,opening,-4.603932668126567,2.7991547666030328
run_20260208_210903,3,gemma3:27b,moderator,covid_vaccine_microchips,opening,0.11180164027150409,-7.958111411160386
run_20260208_210903,4,gemma3:27b,proponent,covid_vaccine_microchips,opening,-8.169022758751915,2.4401861452225417
run_20260208_210903,5,dolphin-yi-34b,opponent,covid_vaccine_microchips,middle,-4.74724901666177,2.149216150265218
run_20260208_210903,6,gemma3:27b,moderator,covid_vaccine_microchips,middle,0.005193738038554404,-7.661579886448709
run_20260208_210903,7,gemma3:27b,proponent,covid_vaccine_microchips,middle,-4.68687163248248,4.559413359746853
run_20260208_210903,8,dolphin-yi-34b,opponent,covid_vaccine_microchips,middle,-5.335771630615128,3.133728106891421
run_20260208_210903,9,gemma3:27b,moderator,covid_vaccine_microchips,closing,0.725800940298897,-5.623269521103516
run_20260208_210903,10,gemma3:27b,proponent,covid_vaccine_microchips,closing,-3.0903056107187097,4.120294986058354
run_20260208_210903,11,dolphin-yi-34b,opponent,covid_vaccine_microchips,closing,-7.21019626269325,2.7397221210943914
run_20260208_210903,12,gemma3:27b,moderator,covid_vaccine_microchips,closing,2.7099573683638956,-7.9692944583734855
run_20260208_211930,1,gemma3:27b,proponent,mrna_vaccine_safety,opening,-9.582267881832944,-2.1819642570296334
run_20260208_211930,2,dolphin-yi-34b,opponent,mrna_vaccine_safety,opening,-9.046203992951352,-2.073886002554661
run_20260208_211930,3,gemma3:27b,moderator,mrna_vaccine_safety,opening,-5.094125026587747,-8.115051681595862
run_20260208_211930,4,gemma3:27b,proponent,mrna_vaccine_safety,opening,-6.480490423349394,1.9487099624123358
run_20260208_211930,5,dolphin-yi-34b,opponent,mrna_vaccine_safety,middle,-7.064806123120541,2.099797597520707
run_20260208_211930,6,gemma3:27b,moderator,mrna_vaccine_safety,middle,-0.6544171731264131,-9.657333626709118
run_20260208_211930,7,gemma3:27b,proponent,mrna_vaccine_safety,middle,-4.386259988173923,2.725924731555976
run_20260208_211930,8,dolphin-yi-34b,opponent,mrna_vaccine_safety,middle,-6.553187587768557,2.0962127307661977
run_20260208_211930,9,gemma3:27b,moderator,mrna_vaccine_safety,closing,-1.0483088629453816,-6.458281611780681
run_20260208_211930,10,gemma3:27b,proponent,mrna_vaccine_safety,closing,-8.15506237441671,-0.817890165198238
run_20260208_211930,11,dolphin-yi-34b,opponent,mrna_vaccine_safety,closing,-7.545935753029852,-0.1783740636978757
run_20260208_211930,12,gemma3:27b,moderator,mrna_vaccine_safety,closing,-2.688572931196611,-10.33452873999351
run_20260208_213010,1,gemma3:27b,proponent,fluoride_water,opening,-9.395611298336371,0.8905696044302983
run_20260208_213010,2,dolphin-yi-34b,opponent,fluoride_water,opening,-7.019595737144329,1.3207760461976268
run_20260208_213010,3,gemma3:27b,moderator,fluoride_water,opening,-2.187431373361374,-8.89665732424831
run_20260208_213010,4,gemma3:27b,proponent,fluoride_water,opening,-5.959164651405489,-0.19469589561620956
run_20260208_213010,5,dolphin-yi-34b,opponent,fluoride_water,opening,-6.801186093860289,0.712178472513925
run_20260208_213010,6,gemma3:27b,moderator,fluoride_water,middle,-1.3439889344321032,-9.240301982278748
run_20260208_213010,7,gemma3:27b,proponent,fluoride_water,middle,-4.709633325778442,-2.8020133914682446
run_20260208_213010,8,dolphin-yi-34b,opponent,fluoride_water,middle,-6.888382234218907,2.2062222752803597
run_20260208_213010,9,gemma3:27b,moderator,fluoride_water,middle,-2.831807076234093,-9.427897264119986
run_20260208_213010,10,gemma3:27b,proponent,fluoride_water,middle,-9.496516014789377,0.6306235430951352
run_20260208_213010,11,dolphin-yi-34b,opponent,fluoride_water,closing,-8.442941534929558,0.6695137988839752
run_20260208_213010,12,gemma3:27b,moderator,fluoride_water,closing,-1.2841729080067168,-9.255782784322404
run_20260208_213010,13,gemma3:27b,proponent,fluoride_water,closing,-9.010323626252429,-1.5207884044655733
run_20260208_213010,14,dolphin-yi-34b,opponent,fluoride_water,closing,-9.05246678896066,0.6127143171728497
run_20260208_213010,15,gemma3:27b,moderator,fluoride_water,closing,0.5014532996757914,-11.840305744681345
run_20260208_213916,1,gemma3:27b,proponent,big_pharma,opening,-11.838818952966822,0.2682136997055535
run_20260208_213916,2,dolphin-yi-34b,opponent,big_pharma,opening,-12.214602963420964,-1.8222040030361257
run_20260208_213916,3,gemma3:27b,moderator,big_pharma,opening,-1.877049559483597,-10.572277768663833
run_20260208_213916,4,gemma3:27b,proponent,big_pharma,opening,-6.702649706833737,-2.897328031658305
run_20260208_213916,5,dolphin-yi-34b,opponent,big_pharma,opening,-11.123099234272583,-1.5600810047970395
run_20260208_213916,6,gemma3:27b,moderator,big_pharma,middle,-3.4728359513212346,-10.225761728219023
run_20260208_213916,7,gemma3:27b,proponent,big_pharma,middle,-7.060251702404834,-2.997230564576818
run_20260208_213916,8,dolphin-yi-34b,opponent,big_pharma,middle,-9.607751218663484,-1.2050081351792026
run_20260208_213916,9,gemma3:27b,moderator,big_pharma,middle,-1.8053037917255,-11.082158794752695
run_20260208_213916,10,gemma3:27b,proponent,big_pharma,middle,-9.857188020184296,1.9513899486518744
run_20260208_213916,11,dolphin-yi-34b,opponent,big_pharma,closing,-10.545755469045615,0.31919484434561685
run_20260208_213916,12,gemma3:27b,moderator,big_pharma,closing,-6.0836293811529325,-9.724450511867735
run_20260208_213916,13,gemma3:27b,proponent,big_pharma,closing,-11.120497130761969,-1.6360968416676593
run_20260208_213916,14,dolphin-yi-34b,opponent,big_pharma,closing,-8.425880948015925,-0.46868501026039383
run_20260208_213916,15,gemma3:27b,moderator,big_pharma,closing,-4.218032788512959,-10.661231866441812
run_20260208_215002,1,gemma3:27b,proponent,moon_landing_hoax,opening,4.496138203845409,7.3295842290443085
run_20260208_215002,2,dolphin-yi-34b,opponent,moon_landing_hoax,opening,2.0649540959891213,8.280412681535697
run_20260208_215002,3,gemma3:27b,moderator,moon_landing_hoax,opening,8.97153787994981,-5.679956813398748
run_20260208_215002,4,gemma3:27b,proponent,moon_landing_hoax,opening,2.965182097198908,6.297666276535634
run_20260208_215002,5,dolphin-yi-34b,opponent,moon_landing_hoax,opening,1.7403194788788487,8.523006185162636
run_20260208_215002,6,gemma3:27b,moderator,moon_landing_hoax,middle,7.649969289780773,-4.322798959136121
run_20260208_215002,7,gemma3:27b,proponent,moon_landing_hoax,middle,2.7386950237081416,2.0658862569335708
run_20260208_215002,8,dolphin-yi-34b,opponent,moon_landing_hoax,middle,1.7403194788788487,8.523006185162636
run_20260208_215002,9,gemma3:27b,moderator,moon_landing_hoax,middle,6.536650826765855,-6.455995319622795
run_20260208_215002,10,gemma3:27b,proponent,moon_landing_hoax,middle,2.9210219829566046,3.076655979520558
run_20260208_215002,11,dolphin-yi-34b,opponent,moon_landing_hoax,closing,1.7403194788788487,8.523006185162636
run_20260208_215002,12,gemma3:27b,moderator,moon_landing_hoax,closing,7.490862529330609,-4.893210206006751
run_20260208_215002,13,gemma3:27b,proponent,moon_landing_hoax,closing,2.3814408062063963,8.287467247501555
run_20260208_215002,14,dolphin-yi-34b,opponent,moon_landing_hoax,closing,1.7403194788788487,8.523006185162636
run_20260208_215002,15,gemma3:27b,moderator,moon_landing_hoax,closing,8.491594340978573,-4.7933650702143416
run_20260208_220438,1,gemma3:27b,proponent,9_11_inside_job,opening,6.012801315826379,8.087872313224914
run_20260208_220438,2,dolphin-yi-34b,opponent,9_11_inside_job,opening,4.069814812314989,8.953701435209224
run_20260208_220438,3,gemma3:27b,moderator,9_11_inside_job,opening,8.802830320245715,-1.9404092428578146
run_20260208_220438,4,gemma3:27b,proponent,9_11_inside_job,opening,5.763606551881337,8.488558528380672
run_20260208_220438,5,dolphin-yi-34b,opponent,9_11_inside_job,opening,3.6446430278303543,9.245186868977141
run_20260208_220438,6,gemma3:27b,moderator,9_11_inside_job,middle,10.227506360265561,-3.0121427149131734
run_20260208_220438,7,gemma3:27b,proponent,9_11_inside_job,middle,2.4566688200569358,1.3798962954743732
run_20260208_220438,8,dolphin-yi-34b,opponent,9_11_inside_job,middle,2.3744462679340037,3.832926427102464
run_20260208_220438,9,gemma3:27b,moderator,9_11_inside_job,middle,9.865265202133461,-5.761700748700961
run_20260208_220438,10,gemma3:27b,proponent,9_11_inside_job,middle,4.516444498624146,5.086507024724948
run_20260208_220438,11,dolphin-yi-34b,opponent,9_11_inside_job,closing,5.140288215661883,2.261910094183894
run_20260208_220438,12,gemma3:27b,moderator,9_11_inside_job,closing,9.870432104927183,-5.311972364319886
run_20260208_220438,13,gemma3:27b,proponent,9_11_inside_job,closing,3.7747596115012545,3.0214841749152686
run_20260208_220438,14,dolphin-yi-34b,opponent,9_11_inside_job,closing,6.6329987937233215,6.838106612403967
run_20260208_220438,15,gemma3:27b,moderator,9_11_inside_job,closing,8.663305644591821,-4.072324627577914
run_20260208_221341,1,gemma3:27b,proponent,deep_state,opening,3.0211093239490916,1.7629813271172787
run_20260208_221341,2,dolphin-yi-34b,opponent,deep_state,opening,2.7366714183278553,3.5962194181056804
run_20260208_221341,3,gemma3:27b,moderator,deep_state,opening,9.066494006936649,-7.068253971689291
run_20260208_221341,4,gemma3:27b,proponent,deep_state,opening,-3.210749394794052,0.34153591543002476
run_20260208_221341,5,dolphin-yi-34b,opponent,deep_state,opening,1.621871727212749,4.713016603599269
run_20260208_221341,6,gemma3:27b,moderator,deep_state,middle,5.296826954228406,-9.600454000159768
run_20260208_221341,7,gemma3:27b,proponent,deep_state,middle,-1.325258572510995,-0.35444230833466944
run_20260208_221341,8,dolphin-yi-34b,opponent,deep_state,middle,1.8262327768612066,2.3888604336159327
run_20260208_221341,9,gemma3:27b,moderator,deep_state,middle,7.660569617355403,-6.895248136487776
run_20260208_221341,10,gemma3:27b,proponent,deep_state,middle,-0.7074884489037936,0.9149704466171907
run_20260208_221341,11,dolphin-yi-34b,opponent,deep_state,closing,3.8339186661552787,5.0683014564019855
run_20260208_221341,12,gemma3:27b,moderator,deep_state,closing,7.7467842125809625,-7.642937936421612
run_20260208_221341,13,gemma3:27b,proponent,deep_state,closing,0.6003589105913933,2.197952466619067
run_20260208_221341,14,dolphin-yi-34b,opponent,deep_state,closing,2.9486145204163083,4.966559524738555
run_20260208_221341,15,gemma3:27b,moderator,deep_state,closing,8.21566591412774,-6.150215616260363
run_20260208_222452,1,gemma3:27b,proponent,election_fraud,opening,2.7603341373210113,3.58971540451486
run_20260208_222452,2,dolphin-yi-34b,opponent,election_fraud,opening,2.9287651399427,4.304824539429539
run_20260208_222452,3,gemma3:27b,moderator,election_fraud,opening,7.044237132774697,-8.588473390921706
run_20260208_222452,4,gemma3:27b,proponent,election_fraud,opening,5.232701362294965,3.530618041991794
run_20260208_222452,5,dolphin-yi-34b,opponent,election_fraud,opening,4.969366030743613,3.1671386383202798
run_20260208_222452,6,gemma3:27b,moderator,election_fraud,middle,8.035178446400067,-8.114599142522744
run_20260208_222452,7,gemma3:27b,proponent,election_fraud,middle,4.102517584508909,3.760734942175408
run_20260208_222452,8,dolphin-yi-34b,opponent,election_fraud,middle,4.969366030743613,3.1671386383202798
run_20260208_222452,9,gemma3:27b,moderator,election_fraud,middle,7.6203153763160945,-7.907943904509332
run_20260208_222452,10,gemma3:27b,proponent,election_fraud,middle,1.6791442173185906,1.709920456079001
run_20260208_222452,11,dolphin-yi-34b,opponent,election_fraud,closing,0.31758032586554924,0.3103293224973421
run_20260208_222452,12,gemma3:27b,moderator,election_fraud,closing,6.749022396940829,-9.776322700171276
run_20260208_222452,13,gemma3:27b,proponent,election_fraud,closing,2.2470811751729807,2.34518128682673
run_20260208_222452,14,dolphin-yi-34b,opponent,election_fraud,closing,3.6159553444597314,3.4524079640733265
run_20260208_222452,15,gemma3:27b,moderator,election_fraud,closing,7.0575338600166315,-8.339759942865086
run_20260208_223401,1,gemma3:27b,proponent,5g_health_risks,opening,-4.201116979509119,5.94159808803235
run_20260208_223401,2,dolphin-yi-34b,opponent,5g_health_risks,opening,-6.431120263042346,4.274629594495156
run_20260208_223401,3,gemma3:27b,moderator,5g_health_risks,opening,2.0541036828185275,-7.259598378015919
run_20260208_223401,4,gemma3:27b,proponent,5g_health_risks,opening,-4.874912924257656,2.0951852146530086
run_20260208_223401,5,dolphin-yi-34b,opponent,5g_health_risks,opening,-6.91871195869595,2.112193226458673
run_20260208_223401,6,gemma3:27b,moderator,5g_health_risks,middle,-2.257578430841696,-8.716117849137307
run_20260208_223401,7,gemma3:27b,proponent,5g_health_risks,middle,-4.319996648440673,0.7610795514125455
run_20260208_223401,8,dolphin-yi-34b,opponent,5g_health_risks,middle,-8.804614332501778,1.1978756828331067
run_20260208_223401,9,gemma3:27b,moderator,5g_health_risks,middle,-1.0538729395642084,-9.71891347031758
run_20260208_223401,10,gemma3:27b,proponent,5g_health_risks,middle,-6.194513317916564,-1.0545978172841073
run_20260208_223401,11,dolphin-yi-34b,opponent,5g_health_risks,closing,-6.219103203030741,0.1629388905020672
run_20260208_223401,12,gemma3:27b,moderator,5g_health_risks,closing,1.1136775236288519,-9.890444866595217
run_20260208_223401,13,gemma3:27b,proponent,5g_health_risks,closing,-6.064184867968834,1.4273438860094005
run_20260208_223401,14,dolphin-yi-34b,opponent,5g_health_risks,closing,-5.8374562527887,1.4863502990174122
run_20260208_223401,15,gemma3:27b,moderator,5g_health_risks,closing,1.0487399166487397,-10.92316212315079
run_20260208_224720,1,gemma3:27b,proponent,social_media_mind_control,opening,-4.68982428207823,4.267113041622529
run_20260208_224720,2,dolphin-yi-34b,opponent,social_media_mind_control,opening,-0.20182560924157997,2.0999356691519075
run_20260208_224720,3,gemma3:27b,moderator,social_media_mind_control,opening,5.398123855319204,-8.272008453336383
run_20260208_224720,4,gemma3:27b,proponent,social_media_mind_control,opening,-0.7131696910569618,0.5269182545424316
run_20260208_224720,5,dolphin-yi-34b,opponent,social_media_mind_control,opening,-0.692049000458245,2.104268459918775
run_20260208_224720,6,gemma3:27b,moderator,social_media_mind_control,middle,5.9025564479929695,-7.565772463714223
run_20260208_224720,7,gemma3:27b,proponent,social_media_mind_control,middle,-4.255344813710868,-1.300811882321087
run_20260208_224720,8,dolphin-yi-34b,opponent,social_media_mind_control,middle,-1.866749786389555,-0.02298683199418335
run_20260208_224720,9,gemma3:27b,moderator,social_media_mind_control,middle,4.104184643399221,-8.131416413732495
run_20260208_224720,10,gemma3:27b,proponent,social_media_mind_control,middle,-1.5492818931757955,-0.7102326694803187
run_20260208_224720,11,dolphin-yi-34b,opponent,social_media_mind_control,closing,1.6701838273729475,-0.1359875261783606
run_20260208_224720,12,gemma3:27b,moderator,social_media_mind_control,closing,2.7396380900144575,-9.545864395687012
run_20260208_224720,13,gemma3:27b,proponent,social_media_mind_control,closing,-7.426115122011062,-2.1052836756509947
run_20260208_224720,14,dolphin-yi-34b,opponent,social_media_mind_control,closing,-5.240316979322949,-1.8612003864824755
run_20260208_224720,15,gemma3:27b,moderator,social_media_mind_control,closing,-1.392580125913726,-8.191387942252563
run_20260208_225610,1,gemma3:27b,proponent,ai_surveillance,opening,0.9233898165768032,7.083628182741323
run_20260208_225610,2,dolphin-yi-34b,opponent,ai_surveillance,opening,0.25016013945046894,6.869694018454978
run_20260208_225610,3,gemma3:27b,moderator,ai_surveillance,opening,6.204206168696154,-5.9913329982116315
run_20260208_225610,4,gemma3:27b,proponent,ai_surveillance,opening,2.7330235109572505,5.534247300885057
run_20260208_225610,5,dolphin-yi-34b,opponent,ai_surveillance,opening,0.8348905609783822,6.412854556362857
run_20260208_225610,6,gemma3:27b,moderator,ai_surveillance,middle,6.987376896294747,-5.0001105497315175
run_20260208_225610,7,gemma3:27b,proponent,ai_surveillance,middle,2.612389651833933,1.830042995256289
run_20260208_225610,8,dolphin-yi-34b,opponent,ai_surveillance,middle,3.14230694145527,5.778129716162817
run_20260208_225610,9,gemma3:27b,moderator,ai_surveillance,middle,6.378349489124971,-4.769611051954877
run_20260208_225610,10,gemma3:27b,proponent,ai_surveillance,middle,-1.4011224185757047,0.030019523253915163
run_20260208_225610,11,dolphin-yi-34b,opponent,ai_surveillance,closing,-0.3755168600747026,0.532388804703043
run_20260208_225610,12,gemma3:27b,moderator,ai_surveillance,closing,5.508252224958906,-4.6161925017934715
run_20260208_225610,13,gemma3:27b,proponent,ai_surveillance,closing,-1.447329286312197,2.994510585217245
run_20260208_225610,14,dolphin-yi-34b,opponent,ai_surveillance,closing,0.9640427402760438,2.092305695234997
run_20260208_225610,15,gemma3:27b,moderator,ai_surveillance,closing,4.172148652523206,-1.9787378784335719
run_20260208_230757,1,gemma3:27b,proponent,climate_change_hoax,opening,-2.93698626108272,2.590504999694652
run_20260208_230757,2,dolphin-yi-34b,opponent,climate_change_hoax,opening,-1.9554626900861258,1.9254690774449514
run_20260208_230757,3,gemma3:27b,moderator,climate_change_hoax,opening,3.6530351623060056,-8.768699176975158
run_20260208_230757,4,gemma3:27b,proponent,climate_change_hoax,opening,-6.9249975314640455,4.429448209057635
run_20260208_230757,5,dolphin-yi-34b,opponent,climate_change_hoax,opening,-6.026211333384993,3.4665932159360042
run_20260208_230757,6,gemma3:27b,moderator,climate_change_hoax,middle,1.43428404584494,-9.496138363086676
run_20260208_230757,7,gemma3:27b,proponent,climate_change_hoax,middle,-0.96176338590751,3.0129072025795405
run_20260208_230757,8,dolphin-yi-34b,opponent,climate_change_hoax,middle,-6.026211333384993,3.4665932159360042
run_20260208_230757,9,gemma3:27b,moderator,climate_change_hoax,middle,5.451866265648979,-7.53987546453347
run_20260208_230757,10,gemma3:27b,proponent,climate_change_hoax,middle,-1.4655907751695805,3.2730087115790267
run_20260208_230757,11,dolphin-yi-34b,opponent,climate_change_hoax,closing,-6.026211333384993,3.4665932159360042
run_20260208_230757,12,gemma3:27b,moderator,climate_change_hoax,closing,2.6924537541890023,-7.855364015367406
run_20260208_230757,13,gemma3:27b,proponent,climate_change_hoax,closing,-3.835412006341831,0.8520558400048598
run_20260208_230757,14,dolphin-yi-34b,opponent,climate_change_hoax,closing,-6.026211333384993,3.4665932159360042
run_20260208_230757,15,gemma3:27b,moderator,climate_change_hoax,closing,-0.12482566240571125,-7.9382161372617865
run_20260208_232003,1,gemma3:27b,proponent,chemtrails,opening,1.1008312586403957,4.724271429599793
run_20260208_232003,2,dolphin-yi-34b,opponent,chemtrails,opening,-1.5165669782240054,4.862054560079424
run_20260208_232003,3,gemma3:27b,moderator,chemtrails,opening,3.7548094457608876,-5.579530241415374
run_20260208_232003,4,gemma3:27b,proponent,chemtrails,opening,3.188812845498401,4.283838945816838
run_20260208_232003,5,dolphin-yi-34b,opponent,chemtrails,opening,-0.8464535613409221,5.898759100789379
run_20260208_232003,6,gemma3:27b,moderator,chemtrails,middle,8.57574735568019,-7.4855659232580365
run_20260208_232003,7,gemma3:27b,proponent,chemtrails,middle,2.2954794699562955,1.3539897131560197
run_20260208_232003,8,dolphin-yi-34b,opponent,chemtrails,middle,-1.9202913170699585,3.1269083549808996
run_20260208_232003,9,gemma3:27b,moderator,chemtrails,middle,6.904903871438704,-8.400518175344388
run_20260208_232003,10,gemma3:27b,proponent,chemtrails,middle,2.1326457954517135,3.0806552995619985
run_20260208_232003,11,dolphin-yi-34b,opponent,chemtrails,closing,-1.286829115748151,5.6139019558129295
run_20260208_232003,12,gemma3:27b,moderator,chemtrails,closing,6.002121176283846,-7.392782493340177
run_20260208_232003,13,gemma3:27b,proponent,chemtrails,closing,3.0661859057690264,3.549685773880642
run_20260208_232003,14,dolphin-yi-34b,opponent,chemtrails,closing,2.3636768173901452,5.306056321276535
run_20260208_232003,15,gemma3:27b,moderator,chemtrails,closing,7.605084987458686,-8.286100872800498
run_20260208_232236,1,gemma3:27b,proponent,flat_earth,opening,2.628882694048929,4.535238791908587
run_20260208_232236,2,dolphin-yi-34b,opponent,flat_earth,middle,2.9172098042236554,4.322978392074539
run_20260208_232236,3,gemma3:27b,moderator,flat_earth,closing,8.477402139731405,-6.60108490242551
run_20260208_233447,1,gemma3:27b,proponent,federal_reserve,opening,-2.79209497223693,4.079168886190051
run_20260208_233447,2,dolphin-yi-34b,opponent,federal_reserve,opening,-4.345611354307821,4.5373746423261965
run_20260208_233447,3,gemma3:27b,moderator,federal_reserve,opening,5.043283192810414,-8.712661306398067
run_20260208_233447,4,gemma3:27b,proponent,federal_reserve,opening,-0.4715076182360978,4.045230285455576
run_20260208_233447,5,dolphin-yi-34b,opponent,federal_reserve,opening,-2.6176033891392865,6.902404977372999
run_20260208_233447,6,gemma3:27b,moderator,federal_reserve,middle,4.210739915026153,-4.772117173798703
run_20260208_233447,7,gemma3:27b,proponent,federal_reserve,middle,-2.0058928324400576,5.538558456683727
run_20260208_233447,8,dolphin-yi-34b,opponent,federal_reserve,middle,-1.6629145019410354,5.245588334777538
run_20260208_233447,9,gemma3:27b,moderator,federal_reserve,middle,2.2243476562209574,-4.021043422722087
run_20260208_233447,10,gemma3:27b,proponent,federal_reserve,middle,-3.699899366082378,3.9049826525667783
run_20260208_233447,11,dolphin-yi-34b,opponent,federal_reserve,closing,-1.6629145019410354,5.245588334777538
run_20260208_233447,12,gemma3:27b,moderator,federal_reserve,closing,3.620441891146273,-4.319786147693411
run_20260208_233447,13,gemma3:27b,proponent,federal_reserve,closing,-2.194723115070922,3.48181931981888
run_20260208_233447,14,dolphin-yi-34b,opponent,federal_reserve,closing,-1.6931973246533651,7.058324311645387
run_20260208_233447,15,gemma3:27b,moderator,federal_reserve,closing,3.4099255228462058,-6.092863684083935
run_20260208_234249,1,gemma3:27b,proponent,cryptocurrency_control,opening,-1.973206087486581,4.15106998254465
run_20260208_234249,2,dolphin-yi-34b,opponent,cryptocurrency_control,opening,-2.4985257176307876,4.093918422560037
run_20260208_234249,3,gemma3:27b,moderator,cryptocurrency_control,opening,4.0750571255009955,-8.168925725221438
run_20260208_234249,4,gemma3:27b,proponent,cryptocurrency_control,middle,-0.05459463107791751,3.0667632175660553
run_20260208_234249,5,dolphin-yi-34b,opponent,cryptocurrency_control,middle,1.3483212791948018,3.493391334075994
run_20260208_234249,6,gemma3:27b,moderator,cryptocurrency_control,middle,4.499174419258237,-5.3329118908678765
run_20260208_234249,7,gemma3:27b,proponent,cryptocurrency_control,closing,-0.4953811113474348,1.989035889404783
run_20260208_234249,8,dolphin-yi-34b,opponent,cryptocurrency_control,closing,-1.244329475367147,2.8890555643466156
run_20260208_234249,9,gemma3:27b,moderator,cryptocurrency_control,closing,5.3299445948476585,-2.8816670879315454
run_20260208_235331,1,gemma3:27b,proponent,jfk_assassination,opening,4.663767214300111,8.74414560241017
run_20260208_235331,2,dolphin-yi-34b,opponent,jfk_assassination,opening,4.001449752323999,9.47405734864359
run_20260208_235331,3,gemma3:27b,moderator,jfk_assassination,opening,9.455240515362904,-5.128338547452066
run_20260208_235331,4,gemma3:27b,proponent,jfk_assassination,opening,4.072433587881888,6.364257254573855
run_20260208_235331,5,dolphin-yi-34b,opponent,jfk_assassination,opening,5.369604437180782,7.980937918447856
run_20260208_235331,6,gemma3:27b,moderator,jfk_assassination,middle,9.78217200131473,-4.52246936160719
run_20260208_235331,7,gemma3:27b,proponent,jfk_assassination,middle,6.440115686696552,9.991901659605976
run_20260208_235331,8,dolphin-yi-34b,opponent,jfk_assassination,middle,6.814097218953483,8.710715674912041
run_20260208_235331,9,gemma3:27b,moderator,jfk_assassination,middle,10.249630927773655,-3.662908396595589
run_20260208_235331,10,gemma3:27b,proponent,jfk_assassination,middle,3.854820073432886,5.583967443805021
run_20260208_235331,11,dolphin-yi-34b,opponent,jfk_assassination,closing,7.021695761180459,3.071179341888701
run_20260208_235331,12,gemma3:27b,moderator,jfk_assassination,closing,8.617546637406189,-6.9567885412306065
run_20260208_235331,13,gemma3:27b,proponent,jfk_assassination,closing,5.489280883706286,4.828534134809136
run_20260208_235331,14,dolphin-yi-34b,opponent,jfk_assassination,closing,5.819998479976469,2.935642256685729
run_20260208_235331,15,gemma3:27b,moderator,jfk_assassination,closing,9.246535428260295,-5.8492596898188305
run_20260209_000422,1,gemma3:27b,proponent,pearl_harbor,opening,4.424025440147129,10.282718095775811
run_20260209_000422,2,dolphin-yi-34b,opponent,pearl_harbor,opening,4.686581852300312,8.104073099862848
run_20260209_000422,3,gemma3:27b,moderator,pearl_harbor,opening,10.522395103568943,-1.3254657874819604
run_20260209_000422,4,gemma3:27b,proponent,pearl_harbor,opening,5.419277248048373,8.021223305978017
run_20260209_000422,5,dolphin-yi-34b,opponent,pearl_harbor,opening,4.686581852300312,8.104073099862848
run_20260209_000422,6,gemma3:27b,moderator,pearl_harbor,middle,9.352221685863132,-3.24879040771217
run_20260209_000422,7,gemma3:27b,proponent,pearl_harbor,middle,2.760158564192386,7.796244610672838
run_20260209_000422,8,dolphin-yi-34b,opponent,pearl_harbor,middle,4.863511046803954,7.612911181007662
run_20260209_000422,9,gemma3:27b,moderator,pearl_harbor,middle,8.729576928922109,-3.8924926257889108
run_20260209_000422,10,gemma3:27b,proponent,pearl_harbor,middle,7.5312192665208855,2.727025627783757
run_20260209_000422,11,dolphin-yi-34b,opponent,pearl_harbor,closing,7.29651016702737,2.067572483866764
run_20260209_000422,12,gemma3:27b,moderator,pearl_harbor,closing,10.07996404416172,-4.382831058013546
run_20260209_000422,13,gemma3:27b,proponent,pearl_harbor,closing,5.722434657542456,-1.076282448933869
run_20260209_000422,14,dolphin-yi-34b,opponent,pearl_harbor,closing,6.097888206134557,-1.445422984417248
run_20260209_000422,15,gemma3:27b,moderator,pearl_harbor,closing,8.191393661619793,-9.031210460427364
run_20260209_001549,1,gemma3:27b,proponent,gmo_dangers,opening,-11.784380467444638,2.0809333104798773
run_20260209_001549,2,dolphin-yi-34b,opponent,gmo_dangers,opening,-11.76056007904681,0.6350478281982163
run_20260209_001549,3,gemma3:27b,moderator,gmo_dangers,opening,-0.5626524078987258,-10.686720834118178
run_20260209_001549,4,gemma3:27b,proponent,gmo_dangers,opening,-4.9590778489379845,0.3599725637872863
run_20260209_001549,5,dolphin-yi-34b,opponent,gmo_dangers,opening,-11.795761395043797,0.5749509472411438
run_20260209_001549,6,gemma3:27b,moderator,gmo_dangers,middle,-2.9531177389838406,-8.584738992023473
run_20260209_001549,7,gemma3:27b,proponent,gmo_dangers,middle,-6.705265757740025,-1.3198776336581683
run_20260209_001549,8,dolphin-yi-34b,opponent,gmo_dangers,middle,-5.360880913178277,-1.7058450247057315
run_20260209_001549,9,gemma3:27b,moderator,gmo_dangers,middle,0.39012922654663845,-11.219332957203381
run_20260209_001549,10,gemma3:27b,proponent,gmo_dangers,middle,-12.013649424401526,-1.9855064604332708
run_20260209_001549,11,dolphin-yi-34b,opponent,gmo_dangers,closing,-9.183264713530411,-0.7987533814611266
run_20260209_001549,12,gemma3:27b,moderator,gmo_dangers,closing,0.9885756188900989,-11.042644143155217
run_20260209_001549,13,gemma3:27b,proponent,gmo_dangers,closing,-6.395578743267374,-0.2999105692114838
run_20260209_001549,14,dolphin-yi-34b,opponent,gmo_dangers,closing,-9.183264713530411,-0.7987533814611266
run_20260209_001549,15,gemma3:27b,moderator,gmo_dangers,closing,-0.6771404217246965,-10.420199267829558
run_20260209_002606,1,gemma3:27b,proponent,food_additives,opening,-13.099340353080045,-1.5089206930581576
run_20260209_002606,2,dolphin-yi-34b,opponent,food_additives,opening,-12.325858257120764,-1.8948263761570987
run_20260209_002606,3,gemma3:27b,moderator,food_additives,opening,-3.617948342293944,-11.993307795805348
run_20260209_002606,4,gemma3:27b,proponent,food_additives,opening,-12.47477169498855,-0.6191234449280787
run_20260209_002606,5,dolphin-yi-34b,opponent,food_additives,opening,-11.997459558373206,-2.556026905932168
run_20260209_002606,6,gemma3:27b,moderator,food_additives,middle,-0.5421853752377204,-10.973661943591253
run_20260209_002606,7,gemma3:27b,proponent,food_additives,middle,-7.136386091880356,-1.5674973854036067
run_20260209_002606,8,dolphin-yi-34b,opponent,food_additives,middle,-11.997459558373206,-2.556026905932168
run_20260209_002606,9,gemma3:27b,moderator,food_additives,middle,-5.099221512118493,-10.557978039674651
run_20260209_002606,10,gemma3:27b,proponent,food_additives,middle,-9.074497743373877,0.6521600810146786
run_20260209_002606,11,dolphin-yi-34b,opponent,food_additives,closing,-11.997459558373206,-2.556026905932168
run_20260209_002606,12,gemma3:27b,moderator,food_additives,closing,-3.9211319157992635,-10.166885908431116
run_20260209_002606,13,gemma3:27b,proponent,food_additives,closing,-7.740894000971211,-0.16573811778505562
run_20260209_002606,14,dolphin-yi-34b,opponent,food_additives,closing,-11.997459558373206,-2.556026905932168
run_20260209_002606,15,gemma3:27b,moderator,food_additives,closing,-2.859360883739436,-10.431085765061805
run_20260209_003339,1,dolphin-yi-34b,proponent,covid_vaccine_microchips,opening,-6.600337362835851,3.8100831027484494
run_20260209_003339,2,gemma3:27b,opponent,covid_vaccine_microchips,opening,-6.071550477849226,1.783035569879789
run_20260209_003339,3,gemma3:27b,moderator,covid_vaccine_microchips,opening,0.9562899107473305,-7.118161688271439
run_20260209_003339,4,dolphin-yi-34b,proponent,covid_vaccine_microchips,opening,-5.692990158562111,0.32859887127504134
run_20260209_003339,5,gemma3:27b,opponent,covid_vaccine_microchips,middle,-7.810418863402925,0.763411080329198
run_20260209_003339,6,gemma3:27b,moderator,covid_vaccine_microchips,middle,-0.4114312324591491,-8.595160965536426
run_20260209_003339,7,dolphin-yi-34b,proponent,covid_vaccine_microchips,middle,-5.692990158562111,0.32859887127504134
run_20260209_003339,8,gemma3:27b,opponent,covid_vaccine_microchips,middle,-8.24650932399727,0.7984452085395379
run_20260209_003339,9,gemma3:27b,moderator,covid_vaccine_microchips,closing,-0.4363300045052492,-8.73468427529079
run_20260209_003339,10,dolphin-yi-34b,proponent,covid_vaccine_microchips,closing,-6.350988916268204,1.4278963409521108
run_20260209_003339,11,gemma3:27b,opponent,covid_vaccine_microchips,closing,-4.972676712548764,2.348279697512965
run_20260209_003339,12,gemma3:27b,moderator,covid_vaccine_microchips,closing,-2.572596141757793,-8.040175597633262
run_20260209_004319,1,dolphin-yi-34b,proponent,mrna_vaccine_safety,opening,-9.032295337918708,1.7254195759151045
run_20260209_004319,2,gemma3:27b,opponent,mrna_vaccine_safety,opening,-6.798855553554767,-0.16769245189358958
run_20260209_004319,3,gemma3:27b,moderator,mrna_vaccine_safety,opening,-3.0348888672248133,-10.13036711249621
run_20260209_004319,4,dolphin-yi-34b,proponent,mrna_vaccine_safety,opening,-13.54523560536815,-1.4473114602972916
run_20260209_004319,5,gemma3:27b,opponent,mrna_vaccine_safety,opening,-6.861934982643441,-2.2023129005932165
run_20260209_004319,6,gemma3:27b,moderator,mrna_vaccine_safety,middle,-1.2960751893540776,-10.559447150551197
run_20260209_004319,7,dolphin-yi-34b,proponent,mrna_vaccine_safety,middle,-13.54523560536815,-1.4473114602972916
run_20260209_004319,8,gemma3:27b,opponent,mrna_vaccine_safety,middle,-8.873520633217133,-1.9151294685702536
run_20260209_004319,9,gemma3:27b,moderator,mrna_vaccine_safety,middle,-2.6895333255676226,-10.183831522432019
run_20260209_004319,10,dolphin-yi-34b,proponent,mrna_vaccine_safety,middle,-9.077502926534267,-0.31492123808194183
run_20260209_004319,11,gemma3:27b,opponent,mrna_vaccine_safety,closing,-5.735644895314411,-0.4247006168829777
run_20260209_004319,12,gemma3:27b,moderator,mrna_vaccine_safety,closing,-0.5564376587765383,-10.56426587078469
run_20260209_004319,13,dolphin-yi-34b,proponent,mrna_vaccine_safety,closing,-8.996331925284695,-0.38927843200113
run_20260209_004319,14,gemma3:27b,opponent,mrna_vaccine_safety,closing,-6.433367018675243,-0.3871864906461029
run_20260209_004319,15,gemma3:27b,moderator,mrna_vaccine_safety,closing,-1.7589873584006945,-10.034029211164393
run_20260209_005159,1,dolphin-yi-34b,proponent,fluoride_water,opening,-6.932615334868397,1.412969106951127
run_20260209_005159,2,gemma3:27b,opponent,fluoride_water,opening,-4.227891541906072,1.6651704445975402
run_20260209_005159,3,gemma3:27b,moderator,fluoride_water,opening,0.7076193859870763,-7.355998645507545
run_20260209_005159,4,dolphin-yi-34b,proponent,fluoride_water,opening,-1.3950924119291148,1.5396853996013695
run_20260209_005159,5,gemma3:27b,opponent,fluoride_water,opening,-6.002530672207856,-1.1456932519756533
run_20260209_005159,6,gemma3:27b,moderator,fluoride_water,middle,0.5428735152990947,-10.518525226659333
run_20260209_005159,7,dolphin-yi-34b,proponent,fluoride_water,middle,-6.932615334868397,1.412969106951127
run_20260209_005159,8,gemma3:27b,opponent,fluoride_water,middle,-4.666723956361379,1.5624997108761554
run_20260209_005159,9,gemma3:27b,moderator,fluoride_water,middle,-0.7900774968626588,-7.97215554300329
run_20260209_005159,10,dolphin-yi-34b,proponent,fluoride_water,middle,-6.932615334868397,1.412969106951127
run_20260209_005159,11,gemma3:27b,opponent,fluoride_water,closing,-6.314895150527409,0.5354962377134675
run_20260209_005159,12,gemma3:27b,moderator,fluoride_water,closing,-1.2861054098606919,-8.69298629034632
run_20260209_005159,13,dolphin-yi-34b,proponent,fluoride_water,closing,-6.932615334868397,1.412969106951127
run_20260209_005159,14,gemma3:27b,opponent,fluoride_water,closing,-5.895211274742925,0.3669594488112644
run_20260209_005159,15,gemma3:27b,moderator,fluoride_water,closing,0.43899506077652733,-9.58474175344853
run_20260209_005727,1,dolphin-yi-34b,proponent,big_pharma,opening,-13.517929322905578,0.18743944132606966
run_20260209_005727,2,gemma3:27b,opponent,big_pharma,opening,-11.05162635509068,-1.1137919508165304
run_20260209_005727,3,gemma3:27b,moderator,big_pharma,opening,-4.175113555625098,-8.90660664364508
run_20260209_005727,4,dolphin-yi-34b,proponent,big_pharma,middle,-13.517929322905578,0.18743944132606966
run_20260209_005727,5,gemma3:27b,opponent,big_pharma,middle,-10.364718589204415,-1.9674434226193316
run_20260209_005727,6,gemma3:27b,moderator,big_pharma,middle,-2.2107033280615456,-10.717835002184804
run_20260209_005727,7,dolphin-yi-34b,proponent,big_pharma,closing,-13.53951459620534,0.3669626961749884
run_20260209_005727,8,gemma3:27b,opponent,big_pharma,closing,-7.602945706479807,-0.28728913561036956
run_20260209_005727,9,gemma3:27b,moderator,big_pharma,closing,-4.060489162870125,-9.528707318430085
run_20260209_010259,1,dolphin-yi-34b,proponent,moon_landing_hoax,opening,2.4177544291725193,9.253684806612023
run_20260209_010259,2,gemma3:27b,opponent,moon_landing_hoax,opening,2.5400869715961023,5.852058206137907
run_20260209_010259,3,gemma3:27b,moderator,moon_landing_hoax,opening,8.575573954305192,-5.962144998814775
run_20260209_010259,4,dolphin-yi-34b,proponent,moon_landing_hoax,middle,1.9416154557062906,9.0292844619675
run_20260209_010259,5,gemma3:27b,opponent,moon_landing_hoax,middle,2.8092385956994503,5.866474442190171
run_20260209_010259,6,gemma3:27b,moderator,moon_landing_hoax,middle,8.11204751780552,-5.713443739589214
run_20260209_010259,7,dolphin-yi-34b,proponent,moon_landing_hoax,closing,2.1369389909265957,9.978631547739921
run_20260209_010259,8,gemma3:27b,opponent,moon_landing_hoax,closing,3.788188160135052,5.503733075981747
run_20260209_010259,9,gemma3:27b,moderator,moon_landing_hoax,closing,7.915865607242952,-4.424863635059454
run_20260209_011246,1,dolphin-yi-34b,proponent,9_11_inside_job,opening,5.8795713141463,9.530759127024563
run_20260209_011246,2,gemma3:27b,opponent,9_11_inside_job,opening,6.81198627520886,6.609137786293605
run_20260209_011246,3,gemma3:27b,moderator,9_11_inside_job,opening,11.142043057904116,-5.381818200366654
run_20260209_011246,4,dolphin-yi-34b,proponent,9_11_inside_job,opening,1.9199632578096981,6.912414285747696
run_20260209_011246,5,gemma3:27b,opponent,9_11_inside_job,opening,2.0702932604452817,3.2277741378346056
run_20260209_011246,6,gemma3:27b,moderator,9_11_inside_job,middle,10.669153485070312,-5.316895911875071
run_20260209_011246,7,dolphin-yi-34b,proponent,9_11_inside_job,middle,1.9199632578096981,6.912414285747696
run_20260209_011246,8,gemma3:27b,opponent,9_11_inside_job,middle,3.4667962801754677,4.93549192645151
run_20260209_011246,9,gemma3:27b,moderator,9_11_inside_job,middle,9.067712163776166,-4.8606361557365485
run_20260209_011246,10,dolphin-yi-34b,proponent,9_11_inside_job,middle,6.109743147036861,8.17403280176782
run_20260209_011246,11,gemma3:27b,opponent,9_11_inside_job,closing,5.3694875497108505,4.989937633996491
run_20260209_011246,12,gemma3:27b,moderator,9_11_inside_job,closing,10.194895082638583,-5.458771708149408
run_20260209_011246,13,dolphin-yi-34b,proponent,9_11_inside_job,closing,6.109743147036861,8.17403280176782
run_20260209_011246,14,gemma3:27b,opponent,9_11_inside_job,closing,5.011972499151854,6.795249038248556
run_20260209_011246,15,gemma3:27b,moderator,9_11_inside_job,closing,8.589644176815566,-5.852724470416807
run_20260209_012111,1,dolphin-yi-34b,proponent,deep_state,opening,4.78551777431377,5.829211711730346
run_20260209_012111,2,gemma3:27b,opponent,deep_state,opening,4.786571830596952,2.0610420765354056
run_20260209_012111,3,gemma3:27b,moderator,deep_state,opening,8.504921252643129,-7.759762457058873
run_20260209_012111,4,dolphin-yi-34b,proponent,deep_state,opening,1.914731889352486,4.622348932803806
run_20260209_012111,5,gemma3:27b,opponent,deep_state,opening,3.077783282563551,2.6422601518857185
run_20260209_012111,6,gemma3:27b,moderator,deep_state,middle,8.604549078122403,-6.175818207231396
run_20260209_012111,7,dolphin-yi-34b,proponent,deep_state,middle,2.3069754136980696,4.267514696702083
run_20260209_012111,8,gemma3:27b,opponent,deep_state,middle,0.9715824945854592,2.325178973264633
run_20260209_012111,9,gemma3:27b,moderator,deep_state,middle,8.116573625116521,-8.889967007470176
run_20260209_012111,10,dolphin-yi-34b,proponent,deep_state,middle,2.3069754136980696,4.267514696702083
run_20260209_012111,11,gemma3:27b,opponent,deep_state,closing,3.0633930782834238,2.3595953749238254
run_20260209_012111,12,gemma3:27b,moderator,deep_state,closing,7.843691043092626,-6.692105481535444
run_20260209_012111,13,dolphin-yi-34b,proponent,deep_state,closing,2.3069754136980696,4.267514696702083
run_20260209_012111,14,gemma3:27b,opponent,deep_state,closing,3.40614284439617,3.120478453197005
run_20260209_012111,15,gemma3:27b,moderator,deep_state,closing,7.919712709994788,-7.8406539042591135
run_20260209_012644,1,dolphin-yi-34b,proponent,election_fraud,opening,3.5158888093951637,4.948430771532468
run_20260209_012644,2,gemma3:27b,opponent,election_fraud,opening,4.378842010971442,2.704969296774271
run_20260209_012644,3,gemma3:27b,moderator,election_fraud,opening,6.907656306163048,-6.565905494794692
run_20260209_012644,4,dolphin-yi-34b,proponent,election_fraud,middle,3.8110775935519405,3.828836832527664
run_20260209_012644,5,gemma3:27b,opponent,election_fraud,middle,2.322633961516512,2.239918328948535
run_20260209_012644,6,gemma3:27b,moderator,election_fraud,middle,7.108664986861546,-7.50084570474515
run_20260209_012644,7,dolphin-yi-34b,proponent,election_fraud,closing,2.4629914449975696,5.338756100897789
run_20260209_012644,8,gemma3:27b,opponent,election_fraud,closing,5.041921923581882,2.8064282131241947
run_20260209_012644,9,gemma3:27b,moderator,election_fraud,closing,7.497742424856384,-7.630641605649832
run_20260209_013459,1,dolphin-yi-34b,proponent,5g_health_risks,opening,-7.189435068171385,6.347502949119089
run_20260209_013459,2,gemma3:27b,opponent,5g_health_risks,opening,-6.369660963410419,3.033214154251105
run_20260209_013459,3,gemma3:27b,moderator,5g_health_risks,opening,2.1664900568029144,-6.6914930386988525
run_20260209_013459,4,dolphin-yi-34b,proponent,5g_health_risks,opening,-6.004060182610794,4.37737739289741
run_20260209_013459,5,gemma3:27b,opponent,5g_health_risks,middle,-2.149087504515081,3.7678055859127184
run_20260209_013459,6,gemma3:27b,moderator,5g_health_risks,middle,1.5342644096549278,-9.96406856004263
run_20260209_013459,7,dolphin-yi-34b,proponent,5g_health_risks,middle,-7.4736227440493455,4.924885347528671
run_20260209_013459,8,gemma3:27b,opponent,5g_health_risks,middle,-5.650545435909854,2.6816973580087633
run_20260209_013459,9,gemma3:27b,moderator,5g_health_risks,closing,-0.8994230825276844,-8.31072953616261
run_20260209_013459,10,dolphin-yi-34b,proponent,5g_health_risks,closing,-6.286812364168145,4.324582952154481
run_20260209_013459,11,gemma3:27b,opponent,5g_health_risks,closing,-4.6995227749193615,2.6701311325327497
run_20260209_013459,12,gemma3:27b,moderator,5g_health_risks,closing,-2.439222898639465,-7.05630573388367
run_20260209_014052,1,dolphin-yi-34b,proponent,social_media_mind_control,opening,-3.509934375186757,2.6249221644018754
run_20260209_014052,2,gemma3:27b,opponent,social_media_mind_control,opening,-1.7445880402159817,0.7425083144699679
run_20260209_014052,3,gemma3:27b,moderator,social_media_mind_control,opening,4.520959788800961,-6.97197432784273
run_20260209_014052,4,dolphin-yi-34b,proponent,social_media_mind_control,middle,-3.522483850414337,1.7388644437394905
run_20260209_014052,5,gemma3:27b,opponent,social_media_mind_control,middle,-1.147159663785691,-0.09542644546441324
run_20260209_014052,6,gemma3:27b,moderator,social_media_mind_control,middle,5.335123681039224,-8.830627147403884
run_20260209_014052,7,dolphin-yi-34b,proponent,social_media_mind_control,closing,-4.857307106274604,2.406108567376495
run_20260209_014052,8,gemma3:27b,opponent,social_media_mind_control,closing,-2.232352700282448,1.7661530977619095
run_20260209_014052,9,gemma3:27b,moderator,social_media_mind_control,closing,4.417628661764228,-6.041854532452393
run_20260209_015011,1,dolphin-yi-34b,proponent,ai_surveillance,opening,-1.2847989351483253,8.567160237857085
run_20260209_015011,2,gemma3:27b,opponent,ai_surveillance,opening,0.4873655634723547,5.784088529083502
run_20260209_015011,3,gemma3:27b,moderator,ai_surveillance,opening,6.4379094843152735,-5.260984275754382
run_20260209_015011,4,dolphin-yi-34b,proponent,ai_surveillance,opening,-0.16676280198616641,7.662294218236436
run_20260209_015011,5,gemma3:27b,opponent,ai_surveillance,opening,1.9281118059158273,5.277189431998138
run_20260209_015011,6,gemma3:27b,moderator,ai_surveillance,middle,6.786627964977285,-5.476836274687762
run_20260209_015011,7,dolphin-yi-34b,proponent,ai_surveillance,middle,1.144939820748517,7.08751737675218
run_20260209_015011,8,gemma3:27b,opponent,ai_surveillance,middle,1.21118240557096,5.730108968557872
run_20260209_015011,9,gemma3:27b,moderator,ai_surveillance,middle,7.436503459137519,-5.319135221528007
run_20260209_015011,10,dolphin-yi-34b,proponent,ai_surveillance,middle,-0.6284486294848936,9.456709788172914
run_20260209_015011,11,gemma3:27b,opponent,ai_surveillance,closing,0.18593385616714805,5.851035226830189
run_20260209_015011,12,gemma3:27b,moderator,ai_surveillance,closing,5.134691876116802,-3.6288366837741792
run_20260209_015011,13,dolphin-yi-34b,proponent,ai_surveillance,closing,-0.6284486294848936,9.456709788172914
run_20260209_015011,14,gemma3:27b,opponent,ai_surveillance,closing,-0.11048892196661438,5.050891676388871
run_20260209_015011,15,gemma3:27b,moderator,ai_surveillance,closing,5.900383578932571,-4.260973704437348
run_20260209_015734,1,dolphin-yi-34b,proponent,climate_change_hoax,opening,-3.2497811061906665,2.5690635173153287
run_20260209_015734,2,gemma3:27b,opponent,climate_change_hoax,opening,0.4428983079887047,0.9552357988955411
run_20260209_015734,3,gemma3:27b,moderator,climate_change_hoax,opening,3.373026648098199,-9.00545246681112
run_20260209_015734,4,dolphin-yi-34b,proponent,climate_change_hoax,opening,-0.5952827490072752,1.265538086635025
run_20260209_015734,5,gemma3:27b,opponent,climate_change_hoax,middle,0.361841918122761,-0.046423746785027094
run_20260209_015734,6,gemma3:27b,moderator,climate_change_hoax,middle,7.465540309300739,-6.992758598821314
run_20260209_015734,7,dolphin-yi-34b,proponent,climate_change_hoax,middle,-1.169393896513752,0.9385570707005882
run_20260209_015734,8,gemma3:27b,opponent,climate_change_hoax,middle,3.103981973980682,0.9390362698780124
run_20260209_015734,9,gemma3:27b,moderator,climate_change_hoax,closing,5.0593171964307135,-9.15144429549204
run_20260209_015734,10,dolphin-yi-34b,proponent,climate_change_hoax,closing,0.09269440910617759,1.184665552053835
run_20260209_015734,11,gemma3:27b,opponent,climate_change_hoax,closing,-1.2753288729261718,1.7091899957186056
run_20260209_015734,12,gemma3:27b,moderator,climate_change_hoax,closing,4.594544306380922,-8.125966579512086
run_20260209_020547,1,dolphin-yi-34b,proponent,chemtrails,opening,-2.746629584022362,5.085790814205939
run_20260209_020547,2,gemma3:27b,opponent,chemtrails,opening,-1.4298855360725156,3.3231171527099406
run_20260209_020547,3,gemma3:27b,moderator,chemtrails,opening,6.929009318522311,-6.60371062254937
run_20260209_020547,4,dolphin-yi-34b,proponent,chemtrails,opening,0.014247839604682348,5.840273872651654
run_20260209_020547,5,gemma3:27b,opponent,chemtrails,middle,0.5488152555701027,5.191170289096425
run_20260209_020547,6,gemma3:27b,moderator,chemtrails,middle,6.363691219425752,-5.770923641156498
run_20260209_020547,7,dolphin-yi-34b,proponent,chemtrails,middle,0.014247839604682348,5.840273872651654
run_20260209_020547,8,gemma3:27b,opponent,chemtrails,middle,1.5483399926295724,4.238929676784742
run_20260209_020547,9,gemma3:27b,moderator,chemtrails,closing,5.4810363585442,-4.074868117949647
run_20260209_020547,10,dolphin-yi-34b,proponent,chemtrails,closing,-0.26444003488630774,5.285760129825657
run_20260209_020547,11,gemma3:27b,opponent,chemtrails,closing,-1.3656726473585663,3.8180078049574417
run_20260209_020547,12,gemma3:27b,moderator,chemtrails,closing,8.225142166739776,-6.1555092497204935
run_20260209_021456,1,dolphin-yi-34b,proponent,flat_earth,opening,2.1694241273789814,3.4661607678485655
run_20260209_021456,2,gemma3:27b,opponent,flat_earth,opening,2.3615568183471973,3.6525021983318817
run_20260209_021456,3,gemma3:27b,moderator,flat_earth,opening,8.384071149540834,-7.358424493523486
run_20260209_021456,4,dolphin-yi-34b,proponent,flat_earth,opening,4.066969024863602,4.613333685764971
run_20260209_021456,5,gemma3:27b,opponent,flat_earth,opening,2.7261225300128196,4.430196686611677
run_20260209_021456,6,gemma3:27b,moderator,flat_earth,middle,5.046574657835174,-3.3726695771104875
run_20260209_021456,7,dolphin-yi-34b,proponent,flat_earth,middle,4.379191192131072,3.7503077521282964
run_20260209_021456,8,gemma3:27b,opponent,flat_earth,middle,3.3223068438593186,3.0158864280003765
run_20260209_021456,9,gemma3:27b,moderator,flat_earth,middle,7.571357032804847,-8.192338496600884
run_20260209_021456,10,dolphin-yi-34b,proponent,flat_earth,middle,4.744381119741946,4.519073395133057
run_20260209_021456,11,gemma3:27b,opponent,flat_earth,closing,4.8835878367243115,2.964403167462223
run_20260209_021456,12,gemma3:27b,moderator,flat_earth,closing,7.290145868838961,-6.6388526870948725
run_20260209_021456,13,dolphin-yi-34b,proponent,flat_earth,closing,3.850711640782629,4.3242345945022835
run_20260209_021456,14,gemma3:27b,opponent,flat_earth,closing,2.422678207896096,2.668862338210017
run_20260209_021456,15,gemma3:27b,moderator,flat_earth,closing,6.885676791206851,-8.506835587484296
run_20260209_022434,1,dolphin-yi-34b,proponent,federal_reserve,opening,-2.525254682104371,4.968227688746333
run_20260209_022434,2,gemma3:27b,opponent,federal_reserve,opening,-0.2662596673825867,4.205913044952545
run_20260209_022434,3,gemma3:27b,moderator,federal_reserve,opening,4.135861161169998,-7.523870809339259
run_20260209_022434,4,dolphin-yi-34b,proponent,federal_reserve,opening,-3.9992852396233256,5.718951378076718
run_20260209_022434,5,gemma3:27b,opponent,federal_reserve,opening,-1.7439753383552936,2.579163923444363
run_20260209_022434,6,gemma3:27b,moderator,federal_reserve,middle,4.474823264841296,-8.246619422120329
run_20260209_022434,7,dolphin-yi-34b,proponent,federal_reserve,middle,-3.684909637544298,3.857660813419073
run_20260209_022434,8,gemma3:27b,opponent,federal_reserve,middle,-2.6139673732441238,2.8017386569399227
run_20260209_022434,9,gemma3:27b,moderator,federal_reserve,middle,3.50328042217152,-6.826203033773845
run_20260209_022434,10,dolphin-yi-34b,proponent,federal_reserve,middle,-4.017039135050288,3.5990938238034498
run_20260209_022434,11,gemma3:27b,opponent,federal_reserve,closing,-3.0126459955253524,2.4549251558219733
run_20260209_022434,12,gemma3:27b,moderator,federal_reserve,closing,4.471600928713898,-7.542890841120215
run_20260209_022434,13,dolphin-yi-34b,proponent,federal_reserve,closing,-4.017039135050288,3.5990938238034498
run_20260209_022434,14,gemma3:27b,opponent,federal_reserve,closing,-1.7941169309114555,2.931025597803306
run_20260209_022434,15,gemma3:27b,moderator,federal_reserve,closing,3.303205996782077,-6.499253100884226
run_20260209_023022,1,dolphin-yi-34b,proponent,cryptocurrency_control,opening,-0.7704053242930767,5.540382926271602
run_20260209_023022,2,gemma3:27b,opponent,cryptocurrency_control,opening,0.31758549805060265,2.8999730589828108
run_20260209_023022,3,gemma3:27b,moderator,cryptocurrency_control,opening,5.140688749530808,-6.95013354514776
run_20260209_023022,4,dolphin-yi-34b,proponent,cryptocurrency_control,middle,-1.2792147337156021,5.774406646577026
run_20260209_023022,5,gemma3:27b,opponent,cryptocurrency_control,middle,1.0119686028603452,4.135461698880099
run_20260209_023022,6,gemma3:27b,moderator,cryptocurrency_control,middle,4.919052580778892,-3.9437698067027673
run_20260209_023022,7,dolphin-yi-34b,proponent,cryptocurrency_control,closing,-1.2792147337156021,5.774406646577026
run_20260209_023022,8,gemma3:27b,opponent,cryptocurrency_control,closing,-0.0008463487902255532,0.4144779430259523
run_20260209_023022,9,gemma3:27b,moderator,cryptocurrency_control,closing,3.991258931524628,-5.585993448381291
run_20260209_023906,1,dolphin-yi-34b,proponent,jfk_assassination,opening,4.253521178909577,8.561605011161394
run_20260209_023906,2,gemma3:27b,opponent,jfk_assassination,opening,7.627354887779559,7.879301790168353
run_20260209_023906,3,gemma3:27b,moderator,jfk_assassination,opening,10.274606104881123,-2.1946366286147043
run_20260209_023906,4,dolphin-yi-34b,proponent,jfk_assassination,opening,6.958100365406957,8.563376686706025
run_20260209_023906,5,gemma3:27b,opponent,jfk_assassination,opening,6.7590270668420045,7.87502490309964
run_20260209_023906,6,gemma3:27b,moderator,jfk_assassination,middle,9.951839071960842,-4.742873766369755
run_20260209_023906,7,dolphin-yi-34b,proponent,jfk_assassination,middle,5.819872838343176,7.974451168464666
run_20260209_023906,8,gemma3:27b,opponent,jfk_assassination,middle,6.960155236318788,5.833748773940462
run_20260209_023906,9,gemma3:27b,moderator,jfk_assassination,middle,10.282317186662457,-4.663842276022635
run_20260209_023906,10,dolphin-yi-34b,proponent,jfk_assassination,middle,6.523311405068484,8.604795171391448
run_20260209_023906,11,gemma3:27b,opponent,jfk_assassination,closing,6.644018025466166,4.625739929647067
run_20260209_023906,12,gemma3:27b,moderator,jfk_assassination,closing,10.39323879071166,-4.083007558970091
run_20260209_023906,13,dolphin-yi-34b,proponent,jfk_assassination,closing,6.4791581333821435,7.8628385156575975
run_20260209_023906,14,gemma3:27b,opponent,jfk_assassination,closing,7.034973780016116,4.268843878922922
run_20260209_023906,15,gemma3:27b,moderator,jfk_assassination,closing,10.17778349607823,-2.061547435444595
run_20260209_024743,1,dolphin-yi-34b,proponent,pearl_harbor,opening,3.8821316649316375,9.434072772417466
run_20260209_024743,2,gemma3:27b,opponent,pearl_harbor,opening,4.260293571399749,6.92779119831758
run_20260209_024743,3,gemma3:27b,moderator,pearl_harbor,opening,9.736920577712374,-2.4202538573027317
run_20260209_024743,4,dolphin-yi-34b,proponent,pearl_harbor,opening,4.721495139221979,8.137903606942164
run_20260209_024743,5,gemma3:27b,opponent,pearl_harbor,opening,0.6068584315671567,1.788196943906477
run_20260209_024743,6,gemma3:27b,moderator,pearl_harbor,middle,9.288226211925869,-4.483040652444112
run_20260209_024743,7,dolphin-yi-34b,proponent,pearl_harbor,middle,4.721495139221979,8.137903606942164
run_20260209_024743,8,gemma3:27b,opponent,pearl_harbor,middle,0.8950819841417625,1.4851522406385385
run_20260209_024743,9,gemma3:27b,moderator,pearl_harbor,middle,9.548357225121446,-3.976959151806798
run_20260209_024743,10,dolphin-yi-34b,proponent,pearl_harbor,middle,4.466730426442822,8.666116024275281
run_20260209_024743,11,gemma3:27b,opponent,pearl_harbor,closing,4.91753550270082,4.9709159303886095
run_20260209_024743,12,gemma3:27b,moderator,pearl_harbor,closing,8.681334709908313,-4.835640988726539
run_20260209_024743,13,dolphin-yi-34b,proponent,pearl_harbor,closing,4.466663257457123,8.712521731861484
run_20260209_024743,14,gemma3:27b,opponent,pearl_harbor,closing,2.0284466187276453,2.3955407364859216
run_20260209_024743,15,gemma3:27b,moderator,pearl_harbor,closing,8.79435393065315,-3.7277252739029088
run_20260209_025602,1,dolphin-yi-34b,proponent,gmo_dangers,opening,-12.306353728601806,1.429440079299777
run_20260209_025602,2,gemma3:27b,opponent,gmo_dangers,opening,-8.965619778670252,-1.3368751130748031
run_20260209_025602,3,gemma3:27b,moderator,gmo_dangers,opening,-2.085650508089506,-10.6385706178871
run_20260209_025602,4,dolphin-yi-34b,proponent,gmo_dangers,opening,-11.919073320739217,0.03766456595932984
run_20260209_025602,5,gemma3:27b,opponent,gmo_dangers,opening,-10.71121157237221,-1.172178684892025
run_20260209_025602,6,gemma3:27b,moderator,gmo_dangers,middle,-4.600991409321936,-9.870221179110773
run_20260209_025602,7,dolphin-yi-34b,proponent,gmo_dangers,middle,-11.919073320739217,0.03766456595932984
run_20260209_025602,8,gemma3:27b,opponent,gmo_dangers,middle,-10.14269769098439,-0.12011042801590116
run_20260209_025602,9,gemma3:27b,moderator,gmo_dangers,middle,-3.9963908693120342,-9.931127790256665
run_20260209_025602,10,dolphin-yi-34b,proponent,gmo_dangers,middle,-11.401605951911716,-0.3535190267882512
run_20260209_025602,11,gemma3:27b,opponent,gmo_dangers,closing,-12.943389722561314,0.16653393943507383
run_20260209_025602,12,gemma3:27b,moderator,gmo_dangers,closing,-7.254911706946291,-8.467630529154732
run_20260209_025602,13,dolphin-yi-34b,proponent,gmo_dangers,closing,-11.401605951911716,-0.3535190267882512
run_20260209_025602,14,gemma3:27b,opponent,gmo_dangers,closing,-10.798456516764414,-0.5180580016686867
run_20260209_025602,15,gemma3:27b,moderator,gmo_dangers,closing,-5.93037251915315,-7.951928374050695
run_20260209_030331,1,dolphin-yi-34b,proponent,food_additives,opening,-9.756061656268182,-1.038290514634083
run_20260209_030331,2,gemma3:27b,opponent,food_additives,opening,-10.702995379092151,-3.0020234172627354
run_20260209_030331,3,gemma3:27b,moderator,food_additives,opening,1.1131017546847402,-10.870028982931329
run_20260209_030331,4,dolphin-yi-34b,proponent,food_additives,opening,-10.21511486007528,-1.4002550002442458
run_20260209_030331,5,gemma3:27b,opponent,food_additives,middle,-6.227908577715124,-1.9664084120270466
run_20260209_030331,6,gemma3:27b,moderator,food_additives,middle,-1.1636240644768638,-10.284087488720138
run_20260209_030331,7,dolphin-yi-34b,proponent,food_additives,middle,-9.793531974380853,-0.9705856477936896
run_20260209_030331,8,gemma3:27b,opponent,food_additives,middle,-8.96897369226321,-2.8539789513075444
run_20260209_030331,9,gemma3:27b,moderator,food_additives,closing,-1.2224943740924772,-10.828802198011797
run_20260209_030331,10,dolphin-yi-34b,proponent,food_additives,closing,-9.250997270370245,-0.9514374860792256
run_20260209_030331,11,gemma3:27b,opponent,food_additives,closing,-10.319699131166578,-0.3055807234924932
run_20260209_030331,12,gemma3:27b,moderator,food_additives,closing,-2.7649125505990937,-11.651374362463587
run_20260209_031020,1,gemma3:27b,proponent,covid_vaccine_microchips,opening,-6.964978240714089,3.541233612522392
run_20260209_031020,2,dolphin-yi-34b,opponent,covid_vaccine_microchips,opening,-5.216292142679722,4.060138610532323
run_20260209_031020,3,dolphin-yi-34b,moderator,covid_vaccine_microchips,opening,-0.716141403336411,-6.84670901581806
run_20260209_031020,4,gemma3:27b,proponent,covid_vaccine_microchips,middle,-4.443501825937179,2.0250230816431047
run_20260209_031020,5,dolphin-yi-34b,opponent,covid_vaccine_microchips,middle,-5.216292142679722,4.060138610532323
run_20260209_031020,6,dolphin-yi-34b,moderator,covid_vaccine_microchips,middle,-0.07458899498677907,-6.029143536002248
run_20260209_031020,7,gemma3:27b,proponent,covid_vaccine_microchips,closing,-2.290529544372855,0.3257723005631335
run_20260209_031020,8,dolphin-yi-34b,opponent,covid_vaccine_microchips,closing,2.592256488858713,2.853795379876824
run_20260209_031020,9,dolphin-yi-34b,moderator,covid_vaccine_microchips,closing,-0.15376711576993002,-4.05462894292334
run_20260209_032052,1,gemma3:27b,proponent,mrna_vaccine_safety,opening,-6.72932493443836,0.6407908993140277
run_20260209_032052,2,dolphin-yi-34b,opponent,mrna_vaccine_safety,opening,-8.003264331421336,1.2512803972198152
run_20260209_032052,3,dolphin-yi-34b,moderator,mrna_vaccine_safety,opening,-5.97906292726109,-6.441790077722206
run_20260209_032052,4,gemma3:27b,proponent,mrna_vaccine_safety,opening,-3.8438938988878504,0.29843390700855493
run_20260209_032052,5,dolphin-yi-34b,opponent,mrna_vaccine_safety,middle,-8.315139711738121,3.2128586245705253
run_20260209_032052,6,dolphin-yi-34b,moderator,mrna_vaccine_safety,middle,-4.477777289797764,-7.691222827244084
run_20260209_032052,7,gemma3:27b,proponent,mrna_vaccine_safety,middle,-3.796657781268182,-0.34220090443794465
run_20260209_032052,8,dolphin-yi-34b,opponent,mrna_vaccine_safety,middle,-8.340911944737137,0.30738764865826856
run_20260209_032052,9,dolphin-yi-34b,moderator,mrna_vaccine_safety,closing,-3.9421591610214257,-7.746430505679014
run_20260209_032052,10,gemma3:27b,proponent,mrna_vaccine_safety,closing,-1.647464326869187,1.8160181528317423
run_20260209_032052,11,dolphin-yi-34b,opponent,mrna_vaccine_safety,closing,-8.340911944737137,0.30738764865826856
run_20260209_032052,12,dolphin-yi-34b,moderator,mrna_vaccine_safety,closing,-1.5093113924350126,-9.20830265820892
run_20260209_033256,1,gemma3:27b,proponent,fluoride_water,opening,-7.46619846189829,1.8289658389305428
run_20260209_033256,2,dolphin-yi-34b,opponent,fluoride_water,opening,-6.844295089429391,1.2537236553692668
run_20260209_033256,3,dolphin-yi-34b,moderator,fluoride_water,opening,-3.2895528477755027,-6.251219473202429
run_20260209_033256,4,gemma3:27b,proponent,fluoride_water,opening,-6.877820724777671,-0.4962370458591062
run_20260209_033256,5,dolphin-yi-34b,opponent,fluoride_water,opening,-7.848409343780569,0.5476716067917767
run_20260209_033256,6,dolphin-yi-34b,moderator,fluoride_water,middle,-2.7501810775195064,-8.794899208858277
run_20260209_033256,7,gemma3:27b,proponent,fluoride_water,middle,-7.993010799751253,-0.3479221283380952
run_20260209_033256,8,dolphin-yi-34b,opponent,fluoride_water,middle,-7.848409343780569,0.5476716067917767
run_20260209_033256,9,dolphin-yi-34b,moderator,fluoride_water,middle,-3.8586553065288065,-8.280063902470157
run_20260209_033256,10,gemma3:27b,proponent,fluoride_water,middle,-7.703981315193485,0.5106196278055604
run_20260209_033256,11,dolphin-yi-34b,opponent,fluoride_water,closing,-8.273985968879428,1.2444509041449612
run_20260209_033256,12,dolphin-yi-34b,moderator,fluoride_water,closing,-2.8547461008129664,-9.566398214376957
run_20260209_033256,13,gemma3:27b,proponent,fluoride_water,closing,-6.484376196450442,2.1804492397474737
run_20260209_033256,14,dolphin-yi-34b,opponent,fluoride_water,closing,-7.304408802398997,0.6205112433460181
run_20260209_033256,15,dolphin-yi-34b,moderator,fluoride_water,closing,-1.7220429960830594,-7.48894115497333
run_20260209_034539,1,gemma3:27b,proponent,big_pharma,opening,-12.281550312104516,0.2745599973944387
run_20260209_034539,2,dolphin-yi-34b,opponent,big_pharma,opening,-10.817339873270432,-0.34151390998789943
run_20260209_034539,3,dolphin-yi-34b,moderator,big_pharma,opening,-6.436519959767562,-8.275221471896243
run_20260209_034539,4,gemma3:27b,proponent,big_pharma,opening,-6.247259688435654,-2.605484287882188
run_20260209_034539,5,dolphin-yi-34b,opponent,big_pharma,opening,-7.8876345355756055,-0.7510221616357319
run_20260209_034539,6,dolphin-yi-34b,moderator,big_pharma,middle,-4.622134653738256,-8.186595736419822
run_20260209_034539,7,gemma3:27b,proponent,big_pharma,middle,-4.214408875727871,-2.296039154313421
run_20260209_034539,8,dolphin-yi-34b,opponent,big_pharma,middle,-7.8876345355756055,-0.7510221616357319
run_20260209_034539,9,dolphin-yi-34b,moderator,big_pharma,middle,-3.161369382387803,-8.816631071174086
run_20260209_034539,10,gemma3:27b,proponent,big_pharma,middle,-7.608673445707968,-3.1287286098184697
run_20260209_034539,11,gemma3:27b,proponent,big_pharma,closing,-13.018842599724364,-0.31954167257733074
run_20260209_034539,12,dolphin-yi-34b,moderator,big_pharma,closing,-6.530997552646273,-10.490802561788586
run_20260209_034539,13,gemma3:27b,proponent,big_pharma,closing,-7.517356685891831,-3.7397050429679934
run_20260209_034539,14,dolphin-yi-34b,opponent,big_pharma,closing,-10.6449974886638,-0.6566004660235826
run_20260209_034539,15,dolphin-yi-34b,moderator,big_pharma,closing,-7.494688636178888,-8.14946826772064
run_20260209_035703,1,gemma3:27b,proponent,moon_landing_hoax,opening,2.317196110997924,7.199494315548096
run_20260209_035703,2,dolphin-yi-34b,opponent,moon_landing_hoax,opening,1.929116643148001,7.424020821704725
run_20260209_035703,3,dolphin-yi-34b,moderator,moon_landing_hoax,opening,6.65988750064923,-2.509070173171746
run_20260209_035703,4,gemma3:27b,proponent,moon_landing_hoax,opening,4.9621704365798935,6.456838714648567
run_20260209_035703,5,dolphin-yi-34b,opponent,moon_landing_hoax,opening,3.172559131174121,5.85158984078064
run_20260209_035703,6,dolphin-yi-34b,moderator,moon_landing_hoax,middle,7.149645461248331,-2.907761385337729
run_20260209_035703,7,gemma3:27b,proponent,moon_landing_hoax,middle,1.0604999067821634,4.263245624954358
run_20260209_035703,8,dolphin-yi-34b,opponent,moon_landing_hoax,middle,3.172559131174121,5.85158984078064
run_20260209_035703,9,dolphin-yi-34b,moderator,moon_landing_hoax,middle,5.604999583665273,-1.3534173111122338
run_20260209_035703,10,gemma3:27b,proponent,moon_landing_hoax,middle,3.701870958280815,3.512993103634319
run_20260209_035703,11,dolphin-yi-34b,opponent,moon_landing_hoax,closing,5.00195623730525,4.834750147762891
run_20260209_035703,12,dolphin-yi-34b,moderator,moon_landing_hoax,closing,7.285385633186922,-3.1779133208605166
run_20260209_035703,13,gemma3:27b,proponent,moon_landing_hoax,closing,4.376431890492114,5.499033401250668
run_20260209_035703,14,dolphin-yi-34b,opponent,moon_landing_hoax,closing,3.159239924819601,4.1675278296831895
run_20260209_035703,15,dolphin-yi-34b,moderator,moon_landing_hoax,closing,7.499337926157806,-3.8148436635830953
run_20260209_040419,1,gemma3:27b,proponent,9_11_inside_job,opening,5.402287880233241,7.922375924581369
run_20260209_040419,2,dolphin-yi-34b,opponent,9_11_inside_job,opening,5.911719103623801,8.949300978495796
run_20260209_040419,3,dolphin-yi-34b,moderator,9_11_inside_job,opening,7.912028724124791,-0.339399237079
run_20260209_040419,4,gemma3:27b,proponent,9_11_inside_job,middle,5.2037883028209055,3.436883506551926
run_20260209_040419,5,dolphin-yi-34b,opponent,9_11_inside_job,middle,5.346640632809732,4.9114807211444695
run_20260209_040419,6,dolphin-yi-34b,moderator,9_11_inside_job,middle,7.469528863099335,-0.7575723147295794
run_20260209_040419,7,gemma3:27b,proponent,9_11_inside_job,closing,0.5840965032532568,-0.6901024544064152
run_20260209_040419,8,dolphin-yi-34b,opponent,9_11_inside_job,closing,-0.10926788155548699,-0.31324714136820986
run_20260209_040419,9,dolphin-yi-34b,moderator,9_11_inside_job,closing,6.777885838063469,-6.2666380301924445
run_20260209_041334,1,gemma3:27b,proponent,deep_state,opening,1.5784028237413377,4.469603753478245
run_20260209_041334,2,dolphin-yi-34b,opponent,deep_state,opening,2.6036125927359115,5.1290123161133705
run_20260209_041334,3,dolphin-yi-34b,moderator,deep_state,opening,6.594893678554912,-4.72662720148331
run_20260209_041334,4,gemma3:27b,proponent,deep_state,opening,1.9535111992762229,-0.544645694399543
run_20260209_041334,5,dolphin-yi-34b,opponent,deep_state,opening,1.855653125524408,2.8201222723792383
run_20260209_041334,6,dolphin-yi-34b,moderator,deep_state,middle,7.611765355525156,-5.110419523720496
run_20260209_041334,7,gemma3:27b,proponent,deep_state,middle,3.4372672798110084,0.8694405925995004
run_20260209_041334,8,dolphin-yi-34b,opponent,deep_state,middle,1.94119118063582,0.38884959881979264
run_20260209_041334,9,dolphin-yi-34b,moderator,deep_state,middle,5.6096511270587515,-6.37696291968573
run_20260209_041334,10,gemma3:27b,proponent,deep_state,middle,2.652386751174419,1.8148713857374512
run_20260209_041334,11,dolphin-yi-34b,opponent,deep_state,closing,3.4223012173488825,2.38207104247116
run_20260209_041334,12,dolphin-yi-34b,moderator,deep_state,closing,8.006178672825056,-4.925895097422856
run_20260209_041334,13,gemma3:27b,proponent,deep_state,closing,0.5063218070274347,0.794661771256671
run_20260209_041334,14,dolphin-yi-34b,opponent,deep_state,closing,3.58665063140565,2.6381605065409417
run_20260209_041334,15,dolphin-yi-34b,moderator,deep_state,closing,3.7752758713825814,-8.080043124216072
run_20260209_042417,1,gemma3:27b,proponent,election_fraud,opening,2.240535532628276,4.56111706118067
run_20260209_042417,2,dolphin-yi-34b,opponent,election_fraud,opening,2.1152970375005373,3.119181776159647
run_20260209_042417,3,dolphin-yi-34b,moderator,election_fraud,opening,6.505061990272441,-4.783039017295878
run_20260209_042417,4,gemma3:27b,proponent,election_fraud,opening,1.7329948126566066,4.181225584538067
run_20260209_042417,5,dolphin-yi-34b,opponent,election_fraud,opening,3.578808915636738,4.071940237342116
run_20260209_042417,6,dolphin-yi-34b,moderator,election_fraud,middle,6.490879681595575,-2.792825328835728
run_20260209_042417,7,gemma3:27b,proponent,election_fraud,middle,1.9712574392140587,-0.07860365229910056
run_20260209_042417,8,dolphin-yi-34b,opponent,election_fraud,middle,0.16414886023235087,-0.4812298574046682
run_20260209_042417,9,dolphin-yi-34b,moderator,election_fraud,middle,7.530997296205932,-4.657517544962763
run_20260209_042417,10,gemma3:27b,proponent,election_fraud,middle,2.4634280483307776,1.2314323307953383
run_20260209_042417,11,dolphin-yi-34b,opponent,election_fraud,closing,5.888299864482717,2.2842128896036233
run_20260209_042417,12,dolphin-yi-34b,moderator,election_fraud,closing,7.339319440579461,-5.374592383369892
run_20260209_042417,13,gemma3:27b,proponent,election_fraud,closing,2.935268774082546,1.951118292279109
run_20260209_042417,14,dolphin-yi-34b,opponent,election_fraud,closing,3.0482796240929666,2.252763973357861
run_20260209_042417,15,dolphin-yi-34b,moderator,election_fraud,closing,7.1973307568685545,-5.9006684623389605
run_20260209_043103,1,gemma3:27b,proponent,5g_health_risks,opening,-6.561155827332457,2.8657356916454604
run_20260209_043103,2,dolphin-yi-34b,opponent,5g_health_risks,opening,-6.831604720173621,5.148928007315997
run_20260209_043103,3,dolphin-yi-34b,moderator,5g_health_risks,opening,-5.891003292572857,-4.210370036086074
run_20260209_043103,4,gemma3:27b,proponent,5g_health_risks,middle,-3.351101881067332,-0.8630723477474842
run_20260209_043103,5,dolphin-yi-34b,opponent,5g_health_risks,middle,-3.713843609592176,2.8210978059818217
run_20260209_043103,6,dolphin-yi-34b,moderator,5g_health_risks,middle,-2.57965140908677,-5.270502612432907
run_20260209_043103,7,gemma3:27b,proponent,5g_health_risks,closing,-6.928985785616205,2.2939096867561313
run_20260209_043103,8,dolphin-yi-34b,opponent,5g_health_risks,closing,-5.627827469823042,2.6332285679387253
run_20260209_043103,9,dolphin-yi-34b,moderator,5g_health_risks,closing,-3.7983446346238074,-5.010573530229998
run_20260209_044155,1,gemma3:27b,proponent,social_media_mind_control,opening,-1.0078189738741719,2.280644170490507
run_20260209_044155,2,dolphin-yi-34b,opponent,social_media_mind_control,opening,-1.472470314290275,3.09957793575618
run_20260209_044155,3,dolphin-yi-34b,moderator,social_media_mind_control,opening,2.9438141215025153,-4.774919685259687
run_20260209_044155,4,gemma3:27b,proponent,social_media_mind_control,opening,1.8637822244172335,0.3336694468576881
run_20260209_044155,5,dolphin-yi-34b,opponent,social_media_mind_control,opening,-1.472470314290275,3.09957793575618
run_20260209_044155,6,dolphin-yi-34b,moderator,social_media_mind_control,middle,5.735064097732048,-2.894214947720734
run_20260209_044155,7,gemma3:27b,proponent,social_media_mind_control,middle,0.4226722149563959,0.5564487252369934
run_20260209_044155,8,dolphin-yi-34b,opponent,social_media_mind_control,middle,-0.039659729574059194,1.8678738843354674
run_20260209_044155,9,dolphin-yi-34b,moderator,social_media_mind_control,middle,3.656356192420678,-4.265682413286837
run_20260209_044155,10,gemma3:27b,proponent,social_media_mind_control,middle,-4.108958161337093,-0.3294913067710404
run_20260209_044155,11,dolphin-yi-34b,opponent,social_media_mind_control,closing,-1.7513675925105077,0.23461471813759474
run_20260209_044155,12,dolphin-yi-34b,moderator,social_media_mind_control,closing,1.096101538209623,-4.901502369734393
run_20260209_044155,13,gemma3:27b,proponent,social_media_mind_control,closing,-0.19537725883722812,2.0806343761488004
run_20260209_044155,14,dolphin-yi-34b,opponent,social_media_mind_control,closing,-1.7513675925105077,0.23461471813759474
run_20260209_044155,15,dolphin-yi-34b,moderator,social_media_mind_control,closing,2.118202164996771,-4.284314450069121
run_20260209_045507,1,gemma3:27b,proponent,ai_surveillance,opening,1.2828753849084469,7.024929676866455
run_20260209_045507,2,dolphin-yi-34b,opponent,ai_surveillance,opening,-0.15400148233242358,5.054139496247876
run_20260209_045507,3,dolphin-yi-34b,moderator,ai_surveillance,opening,5.134564852487494,-1.0590150764452606
run_20260209_045507,4,gemma3:27b,proponent,ai_surveillance,opening,0.8192987846540734,6.4045173943749205
run_20260209_045507,5,dolphin-yi-34b,opponent,ai_surveillance,opening,2.7333610178656107,3.834352067904853
run_20260209_045507,6,dolphin-yi-34b,moderator,ai_surveillance,middle,6.147184978720097,-1.5339358739440112
run_20260209_045507,7,gemma3:27b,proponent,ai_surveillance,middle,0.1450929637513682,2.854452187931121
run_20260209_045507,8,dolphin-yi-34b,opponent,ai_surveillance,middle,3.2501274258747626,5.835770941420089
run_20260209_045507,9,dolphin-yi-34b,moderator,ai_surveillance,middle,7.208381291650995,-1.594415229079408
run_20260209_045507,10,gemma3:27b,proponent,ai_surveillance,middle,-0.19212723921615982,3.4773731667262333
run_20260209_045507,11,dolphin-yi-34b,opponent,ai_surveillance,closing,0.4968239293079814,5.594387777351782
run_20260209_045507,12,dolphin-yi-34b,moderator,ai_surveillance,closing,4.58087996330047,-0.22973550858900993
run_20260209_045507,13,gemma3:27b,proponent,ai_surveillance,closing,0.1484553096646687,4.223523248161955
run_20260209_045507,14,dolphin-yi-34b,opponent,ai_surveillance,closing,0.9305754105795786,5.71939106075299
run_20260209_045507,15,dolphin-yi-34b,moderator,ai_surveillance,closing,5.606403641259455,-2.1646994820597993
run_20260209_050410,1,gemma3:27b,proponent,climate_change_hoax,opening,-4.599167422151667,3.104701123826883
run_20260209_050410,2,dolphin-yi-34b,opponent,climate_change_hoax,opening,-3.075743944827331,1.2381879294815916
run_20260209_050410,3,dolphin-yi-34b,moderator,climate_change_hoax,opening,1.7128098844917363,-6.4508167636231475
run_20260209_050410,4,gemma3:27b,proponent,climate_change_hoax,opening,-4.264014624678964,1.9924321967693912
run_20260209_050410,5,dolphin-yi-34b,opponent,climate_change_hoax,middle,-3.716693474917153,1.9524509853386858
run_20260209_050410,6,dolphin-yi-34b,moderator,climate_change_hoax,middle,1.37823067003974,-8.243124324113953
run_20260209_050410,7,gemma3:27b,proponent,climate_change_hoax,middle,-5.97805265558457,2.9128280361034165
run_20260209_050410,8,dolphin-yi-34b,opponent,climate_change_hoax,middle,-5.119821276972198,2.014860938656368
run_20260209_050410,9,dolphin-yi-34b,moderator,climate_change_hoax,closing,2.7509026089321007,-6.07646922447524
run_20260209_050410,10,gemma3:27b,proponent,climate_change_hoax,closing,-3.0217501215731186,0.7668572504304816
run_20260209_050410,11,dolphin-yi-34b,opponent,climate_change_hoax,closing,-4.632926537063861,-0.6469319727571035
run_20260209_050410,12,dolphin-yi-34b,moderator,climate_change_hoax,closing,-0.6171718508902176,-6.783601356129801
run_20260209_051337,1,gemma3:27b,proponent,chemtrails,opening,0.3662723380450504,6.017224418353854
run_20260209_051337,2,dolphin-yi-34b,opponent,chemtrails,opening,-1.1693501488799853,4.959656902862995
run_20260209_051337,3,dolphin-yi-34b,moderator,chemtrails,opening,4.61420047567922,-3.711526256757146
run_20260209_051337,4,gemma3:27b,proponent,chemtrails,opening,3.873114305235144,5.758366787613882
run_20260209_051337,5,dolphin-yi-34b,opponent,chemtrails,middle,-1.1693501488799853,4.959656902862995
run_20260209_051337,6,dolphin-yi-34b,moderator,chemtrails,middle,4.336703030132816,-3.870705563210873
run_20260209_051337,7,gemma3:27b,proponent,chemtrails,middle,2.7113676396148505,-0.26267345398218966
run_20260209_051337,8,dolphin-yi-34b,opponent,chemtrails,middle,-0.8950715279842687,5.449188331543037
run_20260209_051337,9,dolphin-yi-34b,moderator,chemtrails,closing,5.7550991415699,-5.928893503404831
run_20260209_051337,10,gemma3:27b,proponent,chemtrails,closing,0.8634111591180343,4.321608648102341
run_20260209_051337,11,dolphin-yi-34b,opponent,chemtrails,closing,-0.8950715279842687,5.449188331543037
run_20260209_051337,12,dolphin-yi-34b,moderator,chemtrails,closing,4.723157353605332,-5.464261662162197
run_20260209_052413,1,gemma3:27b,proponent,flat_earth,opening,2.1359097535107012,5.464977300392228
run_20260209_052413,2,dolphin-yi-34b,opponent,flat_earth,opening,1.8770401901008442,5.07986335483582
run_20260209_052413,3,dolphin-yi-34b,moderator,flat_earth,opening,7.301379728708541,-6.136607573640674
run_20260209_052413,4,gemma3:27b,proponent,flat_earth,opening,4.7931289829288355,4.136125608199797
run_20260209_052413,5,dolphin-yi-34b,opponent,flat_earth,opening,1.8087459109840085,4.597147090382647
run_20260209_052413,6,dolphin-yi-34b,moderator,flat_earth,middle,7.26291690011828,-4.461884665511638
run_20260209_052413,7,gemma3:27b,proponent,flat_earth,middle,2.3913941788426496,3.1065642104730693
run_20260209_052413,8,dolphin-yi-34b,opponent,flat_earth,middle,1.8087459109840085,4.597147090382647
run_20260209_052413,9,dolphin-yi-34b,moderator,flat_earth,middle,5.2256930754082775,-4.109242061724797
run_20260209_052413,10,gemma3:27b,proponent,flat_earth,middle,5.276449874449363,4.428316018001897
run_20260209_052413,11,dolphin-yi-34b,opponent,flat_earth,closing,1.624769303127162,4.187473052793617
run_20260209_052413,12,dolphin-yi-34b,moderator,flat_earth,closing,6.209315895718743,-6.2178659739784745
run_20260209_052413,13,gemma3:27b,proponent,flat_earth,closing,3.064580580223586,5.283943858110172
run_20260209_052413,14,dolphin-yi-34b,opponent,flat_earth,closing,1.624769303127162,4.187473052793617
run_20260209_052413,15,dolphin-yi-34b,moderator,flat_earth,closing,5.8796516412307005,-4.655926745177074
run_20260209_053539,1,gemma3:27b,proponent,federal_reserve,opening,-3.8306690719419016,4.7909998002053005
run_20260209_053539,2,dolphin-yi-34b,opponent,federal_reserve,opening,-3.9238155189612405,4.441955996473791
run_20260209_053539,3,dolphin-yi-34b,moderator,federal_reserve,opening,1.300059129082032,-4.881281920188163
run_20260209_053539,4,gemma3:27b,proponent,federal_reserve,opening,-1.5462107404112302,3.072629511059042
run_20260209_053539,5,dolphin-yi-34b,opponent,federal_reserve,opening,-3.4471022318540974,5.9168351595310416
run_20260209_053539,6,dolphin-yi-34b,moderator,federal_reserve,middle,3.079004778293479,-4.146241308221256
run_20260209_053539,7,gemma3:27b,proponent,federal_reserve,middle,-1.398282740948954,5.298974604722932
run_20260209_053539,8,dolphin-yi-34b,opponent,federal_reserve,middle,-3.0249254917702473,4.0724662492714545
run_20260209_053539,9,dolphin-yi-34b,moderator,federal_reserve,middle,0.6318984859954083,-2.783066487598636
run_20260209_053539,10,gemma3:27b,proponent,federal_reserve,middle,-0.4128495313638892,2.67446904956336
run_20260209_053539,11,dolphin-yi-34b,opponent,federal_reserve,closing,-3.4471022318540974,5.9168351595310416
run_20260209_053539,12,dolphin-yi-34b,moderator,federal_reserve,closing,1.351046344743882,-3.4387965872718844
run_20260209_053539,13,gemma3:27b,proponent,federal_reserve,closing,0.018077056078300725,0.5037492655446513
run_20260209_053539,14,dolphin-yi-34b,opponent,federal_reserve,closing,-3.4471022318540974,5.9168351595310416
run_20260209_053539,15,dolphin-yi-34b,moderator,federal_reserve,closing,2.021372465244869,-4.895404957932318
run_20260209_054231,1,gemma3:27b,proponent,cryptocurrency_control,opening,-2.2817868188832744,2.5093361389231315
run_20260209_054231,2,dolphin-yi-34b,opponent,cryptocurrency_control,opening,-2.424044774955158,3.545063090212847
run_20260209_054231,3,dolphin-yi-34b,moderator,cryptocurrency_control,opening,2.4395168424776106,-7.04959741251683
run_20260209_054231,4,gemma3:27b,proponent,cryptocurrency_control,middle,-3.2746878587619808,1.3276821839589752
run_20260209_054231,5,dolphin-yi-34b,opponent,cryptocurrency_control,middle,1.162520346366714,3.5210582384602733
run_20260209_054231,6,dolphin-yi-34b,moderator,cryptocurrency_control,middle,3.6476702637832514,-3.5693012300773757
run_20260209_054231,7,gemma3:27b,proponent,cryptocurrency_control,closing,-0.9857925758140845,2.335880727152259
run_20260209_054231,8,dolphin-yi-34b,opponent,cryptocurrency_control,closing,-0.20382996451550858,3.4455127570871564
run_20260209_054231,9,dolphin-yi-34b,moderator,cryptocurrency_control,closing,4.749981657283312,-2.8040488445650817
run_20260209_055141,1,gemma3:27b,proponent,jfk_assassination,opening,4.7213932886202725,8.40996417047405
run_20260209_055141,2,dolphin-yi-34b,opponent,jfk_assassination,opening,3.5657820817009243,9.3117995969222
run_20260209_055141,3,dolphin-yi-34b,moderator,jfk_assassination,opening,8.562440050151677,0.4643966349539009
run_20260209_055141,4,gemma3:27b,proponent,jfk_assassination,opening,3.4904085837555763,7.3689016231445255
run_20260209_055141,5,dolphin-yi-34b,opponent,jfk_assassination,middle,3.704031554433554,9.112119212121762
run_20260209_055141,6,dolphin-yi-34b,moderator,jfk_assassination,middle,8.582857612820877,-0.06247124953564584
run_20260209_055141,7,gemma3:27b,proponent,jfk_assassination,middle,6.077599255300463,8.056846567360202
run_20260209_055141,8,dolphin-yi-34b,opponent,jfk_assassination,middle,7.1571028567666835,6.993334547663965
run_20260209_055141,9,dolphin-yi-34b,moderator,jfk_assassination,closing,10.016211566468451,-0.5776865511782966
run_20260209_055141,10,gemma3:27b,proponent,jfk_assassination,closing,3.9322255583862766,4.788619351717581
run_20260209_055141,11,dolphin-yi-34b,opponent,jfk_assassination,closing,6.632480894892436,7.397556933156897
run_20260209_055141,12,dolphin-yi-34b,moderator,jfk_assassination,closing,9.891005038109856,-1.2129500985508277
run_20260209_060420,1,gemma3:27b,proponent,pearl_harbor,opening,3.1074869734445905,9.686088364967794
run_20260209_060420,2,dolphin-yi-34b,opponent,pearl_harbor,opening,6.274916337198876,8.173045583001993
run_20260209_060420,3,dolphin-yi-34b,moderator,pearl_harbor,opening,8.092389564649634,-1.498129456921831
run_20260209_060420,4,gemma3:27b,proponent,pearl_harbor,opening,1.7330875192778354,8.505102386030432
run_20260209_060420,5,dolphin-yi-34b,opponent,pearl_harbor,opening,1.5670365795182866,9.473390709005834
run_20260209_060420,6,dolphin-yi-34b,moderator,pearl_harbor,middle,8.47019840664449,-0.8091883591543374
run_20260209_060420,7,gemma3:27b,proponent,pearl_harbor,middle,5.122160785083943,7.6923586224669
run_20260209_060420,8,dolphin-yi-34b,opponent,pearl_harbor,middle,1.5670365795182866,9.473390709005834
run_20260209_060420,9,dolphin-yi-34b,moderator,pearl_harbor,middle,8.4762682970608,-0.5156058495944319
run_20260209_060420,10,gemma3:27b,proponent,pearl_harbor,middle,3.195401933302905,4.686743569092422
run_20260209_060420,11,dolphin-yi-34b,opponent,pearl_harbor,closing,1.5670365795182866,9.473390709005834
run_20260209_060420,12,dolphin-yi-34b,moderator,pearl_harbor,closing,6.224861218456327,-1.9492398035216878
run_20260209_060420,13,gemma3:27b,proponent,pearl_harbor,closing,2.7769288702668304,5.144737240931147
run_20260209_060420,14,dolphin-yi-34b,opponent,pearl_harbor,closing,1.5670365795182866,9.473390709005834
run_20260209_060420,15,dolphin-yi-34b,moderator,pearl_harbor,closing,6.656557932193381,-1.4029798620256042
run_20260209_061634,1,gemma3:27b,proponent,gmo_dangers,opening,-12.517783246771327,1.8413756355907505
run_20260209_061634,2,dolphin-yi-34b,opponent,gmo_dangers,opening,-11.057486153114814,1.8320801862004834
run_20260209_061634,3,dolphin-yi-34b,moderator,gmo_dangers,opening,-7.085981137274715,-6.399371810292615
run_20260209_061634,4,gemma3:27b,proponent,gmo_dangers,opening,-11.892476224504167,0.4913116371654912
run_20260209_061634,5,dolphin-yi-34b,opponent,gmo_dangers,opening,-11.057486153114814,1.8320801862004834
run_20260209_061634,6,dolphin-yi-34b,moderator,gmo_dangers,middle,-7.542323661545033,-7.869129436876786
run_20260209_061634,7,gemma3:27b,proponent,gmo_dangers,middle,-8.680942781702859,-0.6679914213254043
run_20260209_061634,8,dolphin-yi-34b,opponent,gmo_dangers,middle,-11.057486153114814,1.8320801862004834
run_20260209_061634,9,dolphin-yi-34b,moderator,gmo_dangers,middle,-4.205931414923906,-8.952653033081196
run_20260209_061634,10,gemma3:27b,proponent,gmo_dangers,middle,-11.415979599634442,-0.7953023868529715
run_20260209_061634,11,dolphin-yi-34b,opponent,gmo_dangers,closing,-10.253973231991203,1.605404475423288
run_20260209_061634,12,dolphin-yi-34b,moderator,gmo_dangers,closing,-5.537210736259689,-8.375985787191112
run_20260209_061634,13,gemma3:27b,proponent,gmo_dangers,closing,-12.272486788185116,0.25301645370326276
run_20260209_061634,14,dolphin-yi-34b,opponent,gmo_dangers,closing,-10.253973231991203,1.605404475423288
run_20260209_061634,15,dolphin-yi-34b,moderator,gmo_dangers,closing,-5.121340449943707,-8.44115409361507
run_20260209_062506,1,gemma3:27b,proponent,food_additives,opening,-12.45495511681785,-1.6136496812413188
run_20260209_062506,2,dolphin-yi-34b,opponent,food_additives,opening,-11.54831167743539,-2.4339962825091046
run_20260209_062506,3,dolphin-yi-34b,moderator,food_additives,opening,-6.7295981675549745,-8.651690336059499
run_20260209_062506,4,gemma3:27b,proponent,food_additives,opening,-5.168343408910991,-1.2581417350271737
run_20260209_062506,5,dolphin-yi-34b,opponent,food_additives,middle,-11.54831167743539,-2.4339962825091046
run_20260209_062506,6,dolphin-yi-34b,moderator,food_additives,middle,-5.7866049286429755,-7.547497632778857
run_20260209_062506,7,gemma3:27b,proponent,food_additives,middle,-7.887762446456029,-1.3296644731577993
run_20260209_062506,8,dolphin-yi-34b,opponent,food_additives,middle,-10.979539435727308,-0.645269980656394
run_20260209_062506,9,dolphin-yi-34b,moderator,food_additives,closing,-6.174448326675604,-9.154675336232167
run_20260209_062506,10,gemma3:27b,proponent,food_additives,closing,-7.310625570627562,-0.35551386978102995
run_20260209_062506,11,dolphin-yi-34b,opponent,food_additives,closing,-7.253836024957963,-1.728637358771428
run_20260209_062506,12,dolphin-yi-34b,moderator,food_additives,closing,-6.835445585809042,-9.371175585133619
run_20260209_063410,1,dolphin-yi-34b,proponent,covid_vaccine_microchips,opening,-4.705576236523005,1.5414011202454811
run_20260209_063410,2,gemma3:27b,opponent,covid_vaccine_microchips,opening,-3.1496291281996047,3.305543525289922
run_20260209_063410,3,dolphin-yi-34b,moderator,covid_vaccine_microchips,opening,-0.5837851922372327,-5.094039453685232
run_20260209_063410,4,dolphin-yi-34b,proponent,covid_vaccine_microchips,opening,-4.1635752435485625,2.303426698838212
run_20260209_063410,5,gemma3:27b,opponent,covid_vaccine_microchips,middle,0.6286093669433546,2.5289979079487535
run_20260209_063410,6,dolphin-yi-34b,moderator,covid_vaccine_microchips,middle,2.000545628356608,-4.49547594150467
run_20260209_063410,7,dolphin-yi-34b,proponent,covid_vaccine_microchips,middle,-4.212115905673534,0.9953591348538615
run_20260209_063410,8,gemma3:27b,opponent,covid_vaccine_microchips,middle,-3.6525677270380723,0.9523871087010085
run_20260209_063410,9,dolphin-yi-34b,moderator,covid_vaccine_microchips,closing,0.20899954529741835,-5.0057867899083535
run_20260209_063410,10,dolphin-yi-34b,proponent,covid_vaccine_microchips,closing,-2.0607217929691646,4.213166404673255
run_20260209_063410,11,gemma3:27b,opponent,covid_vaccine_microchips,closing,-0.5366000014845376,3.433862917065113
run_20260209_063410,12,dolphin-yi-34b,moderator,covid_vaccine_microchips,closing,0.4475063101657696,-4.624146085432882
run_20260209_063933,1,dolphin-yi-34b,proponent,mrna_vaccine_safety,opening,-8.724734244300276,1.614620586909695
run_20260209_063933,2,gemma3:27b,opponent,mrna_vaccine_safety,opening,-7.460143535467588,-0.4472669938441939
run_20260209_063933,3,dolphin-yi-34b,moderator,mrna_vaccine_safety,opening,-6.926841515732426,-7.844605623280765
run_20260209_063933,4,dolphin-yi-34b,proponent,mrna_vaccine_safety,middle,-13.754467307482608,-0.8630110458208363
run_20260209_063933,5,gemma3:27b,opponent,mrna_vaccine_safety,middle,-8.895165133926147,-2.282247103081928
run_20260209_063933,6,dolphin-yi-34b,moderator,mrna_vaccine_safety,middle,-5.02353465041477,-7.383370664823444
run_20260209_063933,7,dolphin-yi-34b,proponent,mrna_vaccine_safety,closing,-6.8620650164206465,1.5492466269127518
run_20260209_063933,8,gemma3:27b,opponent,mrna_vaccine_safety,closing,-6.005343810935744,0.413492377849786
run_20260209_063933,9,dolphin-yi-34b,moderator,mrna_vaccine_safety,closing,-3.942020201952703,-6.400191619419459
run_20260209_064936,1,dolphin-yi-34b,proponent,fluoride_water,opening,-7.264024190063009,2.721500821051088
run_20260209_064936,2,gemma3:27b,opponent,fluoride_water,opening,-6.948748103270254,0.7811567366894431
run_20260209_064936,3,dolphin-yi-34b,moderator,fluoride_water,opening,-4.184379362139352,-7.078976026228839
run_20260209_064936,4,dolphin-yi-34b,proponent,fluoride_water,opening,-8.359330256404094,1.6205585760600856
run_20260209_064936,5,gemma3:27b,opponent,fluoride_water,opening,-6.733212155417452,0.9299204887071219
run_20260209_064936,6,dolphin-yi-34b,moderator,fluoride_water,middle,-0.07115790432131361,-9.123305028173705
run_20260209_064936,7,dolphin-yi-34b,proponent,fluoride_water,middle,-7.725249670357916,1.9724636825148167
run_20260209_064936,8,gemma3:27b,opponent,fluoride_water,middle,-6.4909598286764565,1.0924262529708284
run_20260209_064936,9,dolphin-yi-34b,moderator,fluoride_water,middle,-2.8012185980879707,-7.510752774889118
run_20260209_064936,10,dolphin-yi-34b,proponent,fluoride_water,middle,-7.725249670357916,1.9724636825148167
run_20260209_064936,11,gemma3:27b,opponent,fluoride_water,closing,-5.775421935470077,2.5872683941539596
run_20260209_064936,12,dolphin-yi-34b,moderator,fluoride_water,closing,-3.999568653437848,-7.055938466423393
run_20260209_064936,13,dolphin-yi-34b,proponent,fluoride_water,closing,-8.413703576026393,1.363095411060576
run_20260209_064936,14,gemma3:27b,opponent,fluoride_water,closing,-5.4302575263199895,1.7290158802943663
run_20260209_064936,15,dolphin-yi-34b,moderator,fluoride_water,closing,-0.884738699969228,-10.071168957985696
run_20260209_065814,1,dolphin-yi-34b,proponent,big_pharma,opening,-12.357896612769995,2.3571224318882726
run_20260209_065814,2,gemma3:27b,opponent,big_pharma,opening,-11.962722937038935,0.2071053791537047
run_20260209_065814,3,dolphin-yi-34b,moderator,big_pharma,opening,-5.353429706920379,-8.622272645412991
run_20260209_065814,4,dolphin-yi-34b,proponent,big_pharma,opening,-12.664113672786868,0.2955234415043143
run_20260209_065814,5,gemma3:27b,opponent,big_pharma,middle,-9.840286175813306,0.7600539060161049
run_20260209_065814,6,dolphin-yi-34b,moderator,big_pharma,middle,-5.329065503781283,-7.891860589851501
run_20260209_065814,7,dolphin-yi-34b,proponent,big_pharma,middle,-13.00504824261991,0.5999306831419676
run_20260209_065814,8,gemma3:27b,opponent,big_pharma,middle,-10.243777507751986,-1.0459102874747461
run_20260209_065814,9,dolphin-yi-34b,moderator,big_pharma,closing,-2.5777939215001693,-7.98207317138692
run_20260209_065814,10,dolphin-yi-34b,proponent,big_pharma,closing,-12.798422612449473,0.3817941367447147
run_20260209_065814,11,gemma3:27b,opponent,big_pharma,closing,-9.896136956260118,0.7392841669836024
run_20260209_065814,12,dolphin-yi-34b,moderator,big_pharma,closing,-6.985866144332565,-8.890826985469953
run_20260209_070914,1,dolphin-yi-34b,proponent,moon_landing_hoax,opening,1.561140070212353,9.320176350988536
run_20260209_070914,2,gemma3:27b,opponent,moon_landing_hoax,opening,3.0691008125420693,6.501868851517395
run_20260209_070914,3,dolphin-yi-34b,moderator,moon_landing_hoax,opening,6.114073740091552,-0.02837574086456925
run_20260209_070914,4,dolphin-yi-34b,proponent,moon_landing_hoax,opening,4.068531419549235,5.347110182619617
run_20260209_070914,5,gemma3:27b,opponent,moon_landing_hoax,opening,4.454200947390538,2.5975251016675056
run_20260209_070914,6,dolphin-yi-34b,moderator,moon_landing_hoax,middle,7.094890289485013,-1.1846544909930898
run_20260209_070914,7,dolphin-yi-34b,proponent,moon_landing_hoax,middle,4.096114006229783,8.10073159841167
run_20260209_070914,8,gemma3:27b,opponent,moon_landing_hoax,middle,4.601851621296611,4.405560006054069
run_20260209_070914,9,dolphin-yi-34b,moderator,moon_landing_hoax,middle,7.911368724979573,1.0787660511799133
run_20260209_070914,10,dolphin-yi-34b,proponent,moon_landing_hoax,middle,2.975745480144064,8.758994478651402
run_20260209_070914,11,gemma3:27b,opponent,moon_landing_hoax,closing,4.436653158209263,5.576075979172012
run_20260209_070914,12,dolphin-yi-34b,moderator,moon_landing_hoax,closing,6.656801524936722,-0.42277931268448943
run_20260209_070914,13,dolphin-yi-34b,proponent,moon_landing_hoax,closing,2.6795303849720553,8.755051534834612
run_20260209_070914,14,gemma3:27b,opponent,moon_landing_hoax,closing,4.2711414683321305,5.46940124024417
run_20260209_070914,15,dolphin-yi-34b,moderator,moon_landing_hoax,closing,6.296257585689795,-0.0608625236096219
run_20260209_072058,1,dolphin-yi-34b,proponent,9_11_inside_job,opening,6.155166257671267,9.165710087428405
run_20260209_072058,2,gemma3:27b,opponent,9_11_inside_job,opening,6.723733468562804,9.508686013746594
run_20260209_072058,3,dolphin-yi-34b,moderator,9_11_inside_job,opening,10.302604568392013,-2.572546950775141
run_20260209_072058,4,dolphin-yi-34b,proponent,9_11_inside_job,opening,7.373593803238297,7.579950012899106
run_20260209_072058,5,gemma3:27b,opponent,9_11_inside_job,opening,7.615586225305611,5.7348042154357595
run_20260209_072058,6,dolphin-yi-34b,moderator,9_11_inside_job,middle,10.276236804247056,-0.8757612782027974
run_20260209_072058,7,dolphin-yi-34b,proponent,9_11_inside_job,middle,7.653449191964729,7.537121665483007
run_20260209_072058,8,gemma3:27b,opponent,9_11_inside_job,middle,7.313727201129049,5.361724265119383
run_20260209_072058,9,dolphin-yi-34b,moderator,9_11_inside_job,middle,10.491404655659077,-1.6360146216345033
run_20260209_072058,10,dolphin-yi-34b,proponent,9_11_inside_job,middle,7.653449191964729,7.537121665483007
run_20260209_072058,11,gemma3:27b,opponent,9_11_inside_job,closing,7.4628018609681455,4.766328296704087
run_20260209_072058,12,dolphin-yi-34b,moderator,9_11_inside_job,closing,11.247986160380734,-2.5897126984975416
run_20260209_072058,13,dolphin-yi-34b,proponent,9_11_inside_job,closing,7.293839306376892,7.612183395316263
run_20260209_072058,14,gemma3:27b,opponent,9_11_inside_job,closing,5.948952769258868,3.9759832947074276
run_20260209_072058,15,dolphin-yi-34b,moderator,9_11_inside_job,closing,11.224042165980029,-2.789583373754166
run_20260209_073159,1,dolphin-yi-34b,proponent,deep_state,opening,4.064870216292174,5.267310848026796
run_20260209_073159,2,gemma3:27b,opponent,deep_state,opening,3.3430760357397307,3.046777424021546
run_20260209_073159,3,dolphin-yi-34b,moderator,deep_state,opening,8.917933920835473,-6.183278122549923
run_20260209_073159,4,dolphin-yi-34b,proponent,deep_state,opening,3.772387445858505,4.909080854866663
run_20260209_073159,5,gemma3:27b,opponent,deep_state,opening,2.8315897264921004,4.094462040071291
run_20260209_073159,6,dolphin-yi-34b,moderator,deep_state,middle,5.614178328194607,-5.320977818987111
run_20260209_073159,7,dolphin-yi-34b,proponent,deep_state,middle,4.195378498249663,6.032949855743371
run_20260209_073159,8,gemma3:27b,opponent,deep_state,middle,5.816582793454669,3.452290075052187
run_20260209_073159,9,dolphin-yi-34b,moderator,deep_state,middle,8.35407055897135,-4.390174993830266
run_20260209_073159,10,dolphin-yi-34b,proponent,deep_state,middle,4.509186697649041,6.492561961162902
run_20260209_073159,11,gemma3:27b,opponent,deep_state,closing,3.969978453722564,4.097732355459427
run_20260209_073159,12,dolphin-yi-34b,moderator,deep_state,closing,7.674855605234861,-3.9814340287364627
run_20260209_073159,13,dolphin-yi-34b,proponent,deep_state,closing,4.509186697649041,6.492561961162902
run_20260209_073159,14,gemma3:27b,opponent,deep_state,closing,4.123415975159216,3.0496597094019777
run_20260209_073159,15,dolphin-yi-34b,moderator,deep_state,closing,8.250066742573155,-4.257548559684982
run_20260209_074049,1,dolphin-yi-34b,proponent,election_fraud,opening,2.989920609173,5.223348861209888
run_20260209_074049,2,gemma3:27b,opponent,election_fraud,opening,5.042323900944239,1.1644162566053113
run_20260209_074049,3,dolphin-yi-34b,moderator,election_fraud,opening,6.6739530825368405,-4.609112853481107
run_20260209_074049,4,dolphin-yi-34b,proponent,election_fraud,opening,2.809325668311061,4.645766089284166
run_20260209_074049,5,gemma3:27b,opponent,election_fraud,middle,-1.2739945750744281,3.909177114983365
run_20260209_074049,6,dolphin-yi-34b,moderator,election_fraud,middle,6.221236797649771,-2.87888989917904
run_20260209_074049,7,dolphin-yi-34b,proponent,election_fraud,middle,6.069742368754778,4.267145642324389
run_20260209_074049,8,gemma3:27b,opponent,election_fraud,middle,2.2897598519954054,1.9092857706973674
run_20260209_074049,9,dolphin-yi-34b,moderator,election_fraud,closing,8.437746492396888,-4.233639729881182
run_20260209_074049,10,dolphin-yi-34b,proponent,election_fraud,closing,6.224377633794283,3.047739337763857
run_20260209_074049,11,gemma3:27b,opponent,election_fraud,closing,5.49847731932663,3.9085725781438705
run_20260209_074049,12,dolphin-yi-34b,moderator,election_fraud,closing,9.688985797108467,-3.5233708500427614
run_20260209_075053,1,dolphin-yi-34b,proponent,5g_health_risks,opening,-9.652443289963486,3.8639031524005296
run_20260209_075053,2,gemma3:27b,opponent,5g_health_risks,opening,-8.764100522726237,1.667513647167879
run_20260209_075053,3,dolphin-yi-34b,moderator,5g_health_risks,opening,-4.578327139231857,-4.8702727041044
run_20260209_075053,4,dolphin-yi-34b,proponent,5g_health_risks,opening,-9.492965466324248,4.838883089710892
run_20260209_075053,5,gemma3:27b,opponent,5g_health_risks,opening,-4.927857396058176,3.5232640824591366
run_20260209_075053,6,dolphin-yi-34b,moderator,5g_health_risks,middle,-4.508808098435615,-4.121383130087653
run_20260209_075053,7,dolphin-yi-34b,proponent,5g_health_risks,middle,-9.652443289963486,3.8639031524005296
run_20260209_075053,8,gemma3:27b,opponent,5g_health_risks,middle,-6.658638234526591,1.9701797361603797
run_20260209_075053,9,dolphin-yi-34b,moderator,5g_health_risks,middle,-4.015036016795786,-4.969811699487466
run_20260209_075053,10,dolphin-yi-34b,proponent,5g_health_risks,middle,-9.612834026868208,4.734077505533381
run_20260209_075053,11,gemma3:27b,opponent,5g_health_risks,closing,-8.964713430144881,0.771416215104039
run_20260209_075053,12,dolphin-yi-34b,moderator,5g_health_risks,closing,-2.0172275842543574,-5.195832727915069
run_20260209_075053,13,dolphin-yi-34b,proponent,5g_health_risks,closing,-8.401304636789884,3.9531654205739852
run_20260209_075053,14,gemma3:27b,opponent,5g_health_risks,closing,-5.67758710255829,-0.2934992243155581
run_20260209_075053,15,dolphin-yi-34b,moderator,5g_health_risks,closing,-0.6709409610648831,-5.528110946894568
run_20260209_075942,1,dolphin-yi-34b,proponent,social_media_mind_control,opening,-2.1874682952173083,2.682175608732871
run_20260209_075942,2,gemma3:27b,opponent,social_media_mind_control,opening,-1.7588549448144006,1.8223795070750017
run_20260209_075942,3,dolphin-yi-34b,moderator,social_media_mind_control,opening,4.328484991284278,-4.085882684942335
run_20260209_075942,4,dolphin-yi-34b,proponent,social_media_mind_control,opening,-2.16971844623788,3.863876626512415
run_20260209_075942,5,gemma3:27b,opponent,social_media_mind_control,middle,-1.9266603374129552,2.294501587199827
run_20260209_075942,6,dolphin-yi-34b,moderator,social_media_mind_control,middle,2.5675938620666314,-4.955822899252237
run_20260209_075942,7,dolphin-yi-34b,proponent,social_media_mind_control,middle,-2.107612700083306,1.297231201983694
run_20260209_075942,8,gemma3:27b,opponent,social_media_mind_control,middle,-0.6935433231391614,2.0248177925998037
run_20260209_075942,9,dolphin-yi-34b,moderator,social_media_mind_control,closing,3.946144399797525,-4.673032850749857
run_20260209_075942,10,dolphin-yi-34b,proponent,social_media_mind_control,closing,-1.7111060256063022,2.094565185126195
run_20260209_075942,11,gemma3:27b,opponent,social_media_mind_control,closing,1.1079482019051738,2.684210405351954
run_20260209_075942,12,dolphin-yi-34b,moderator,social_media_mind_control,closing,4.526097066602451,-5.529253417714582
run_20260209_080440,1,dolphin-yi-34b,proponent,federal_reserve,opening,-2.481315958233128,6.064951795650183
run_20260209_080440,2,gemma3:27b,opponent,federal_reserve,opening,-1.1935316233747444,3.6828127264558765
run_20260209_080440,3,dolphin-yi-34b,moderator,federal_reserve,opening,-2.2169738510431576,1.479675989349124
run_20260209_080440,4,dolphin-yi-34b,proponent,federal_reserve,opening,-0.8923394735899609,2.079703438973953
run_20260209_080440,5,gemma3:27b,opponent,federal_reserve,opening,-0.058009047077715044,1.6573241705613302
run_20260209_080440,6,dolphin-yi-34b,moderator,federal_reserve,middle,4.561272798642602,-6.870233064765649
run_20260209_080440,7,dolphin-yi-34b,proponent,federal_reserve,middle,-0.8923394735899609,2.079703438973953
run_20260209_080440,8,gemma3:27b,opponent,federal_reserve,middle,-0.887337237872784,1.3471930655601387
run_20260209_080440,9,dolphin-yi-34b,moderator,federal_reserve,middle,2.920818499240651,-5.8029101440044295
run_20260209_080440,10,dolphin-yi-34b,proponent,federal_reserve,middle,-1.306856375094199,2.9751521157268646
run_20260209_080440,11,gemma3:27b,opponent,federal_reserve,closing,0.2845071699569796,2.0054587300389266
run_20260209_080440,12,dolphin-yi-34b,moderator,federal_reserve,closing,5.5443942123198955,-5.841734960895331
run_20260209_080440,13,dolphin-yi-34b,proponent,federal_reserve,closing,-1.306856375094199,2.9751521157268646
run_20260209_080440,14,gemma3:27b,opponent,federal_reserve,closing,0.9402263287661494,0.9839123333249317
run_20260209_080440,15,dolphin-yi-34b,moderator,federal_reserve,closing,3.326471022478509,-5.320756470655365
run_20260209_081023,1,dolphin-yi-34b,proponent,ai_surveillance,opening,-1.2847989351483253,8.567160237857085
run_20260209_081023,2,gemma3:27b,opponent,ai_surveillance,opening,-0.07954380587414377,5.747559281281205
run_20260209_081023,3,dolphin-yi-34b,moderator,ai_surveillance,opening,3.250559039927285,-2.844332937483667
run_20260209_081023,4,dolphin-yi-34b,proponent,ai_surveillance,opening,-2.0225360184323584,6.444357400138271
run_20260209_081023,5,gemma3:27b,opponent,ai_surveillance,opening,0.508293998062951,4.461032208347164
run_20260209_081023,6,dolphin-yi-34b,moderator,ai_surveillance,middle,2.4390141727243044,-2.2317308732365726
run_20260209_081023,7,dolphin-yi-34b,proponent,ai_surveillance,middle,-2.376959828695138,6.284598503083241
run_20260209_081023,8,gemma3:27b,opponent,ai_surveillance,middle,-0.1717664242975274,4.234745524187579
run_20260209_081023,9,dolphin-yi-34b,moderator,ai_surveillance,middle,3.0713356813165937,-2.9238559155277333
run_20260209_081023,10,dolphin-yi-34b,proponent,ai_surveillance,middle,-2.586586604110052,5.938922504165791
run_20260209_081023,11,gemma3:27b,opponent,ai_surveillance,closing,-4.388656251197609,3.6188690230622873
run_20260209_081023,12,dolphin-yi-34b,moderator,ai_surveillance,closing,2.231944084021034,-4.539771126050879
run_20260209_081023,13,dolphin-yi-34b,proponent,ai_surveillance,closing,-0.10832902541290926,8.081108037755767
run_20260209_081023,14,gemma3:27b,opponent,ai_surveillance,closing,1.0734757532988781,7.720015164808321
run_20260209_081023,15,dolphin-yi-34b,moderator,ai_surveillance,closing,4.630773020782262,-1.5370716104167161
run_20260209_081515,1,dolphin-yi-34b,proponent,cryptocurrency_control,opening,-2.5027358688182475,5.131619950250736
run_20260209_081515,2,gemma3:27b,opponent,cryptocurrency_control,opening,0.3178879790300784,4.500115695548193
run_20260209_081515,3,dolphin-yi-34b,moderator,cryptocurrency_control,opening,1.5034594166045872,-1.7947300918233904
run_20260209_081515,4,dolphin-yi-34b,proponent,cryptocurrency_control,opening,-2.4854606457399613,3.3117296681027706
run_20260209_081515,5,gemma3:27b,opponent,cryptocurrency_control,opening,-1.377725723438363,2.933535459424272
run_20260209_081515,6,dolphin-yi-34b,moderator,cryptocurrency_control,middle,2.1555614363249544,-2.602829130009813
run_20260209_081515,7,dolphin-yi-34b,proponent,cryptocurrency_control,middle,-2.325043155647465,3.94166101217963
run_20260209_081515,8,gemma3:27b,opponent,cryptocurrency_control,middle,0.3044454627399524,2.356951586346821
run_20260209_081515,9,dolphin-yi-34b,moderator,cryptocurrency_control,middle,4.3971440682231675,-5.148490953550858
run_20260209_081515,10,dolphin-yi-34b,proponent,cryptocurrency_control,middle,-2.325043155647465,3.94166101217963
run_20260209_081515,11,gemma3:27b,opponent,cryptocurrency_control,closing,0.939655880725617,2.2129296293752865
run_20260209_081515,12,dolphin-yi-34b,moderator,cryptocurrency_control,closing,3.387560283340254,-4.212141475040863
run_20260209_081515,13,dolphin-yi-34b,proponent,cryptocurrency_control,closing,-2.325043155647465,3.94166101217963
run_20260209_081515,14,gemma3:27b,opponent,cryptocurrency_control,closing,-1.741120331934838,3.168400259727924
run_20260209_081515,15,dolphin-yi-34b,moderator,cryptocurrency_control,closing,1.3380371765749264,-1.6421497512914585
run_20260209_081542,1,dolphin-yi-34b,proponent,climate_change_hoax,opening,-1.391091492729333,4.350314005677819
run_20260209_081542,2,gemma3:27b,opponent,climate_change_hoax,opening,-0.6078446910443979,1.857659802448496
run_20260209_081542,3,dolphin-yi-34b,moderator,climate_change_hoax,opening,3.853999907158951,-7.0785757133541045
run_20260209_081542,4,dolphin-yi-34b,proponent,climate_change_hoax,middle,-1.6653044586006585,3.2620087663776167
run_20260209_081542,5,gemma3:27b,opponent,climate_change_hoax,middle,-2.1137572391657695,2.0791584555249023
run_20260209_081542,6,dolphin-yi-34b,moderator,climate_change_hoax,middle,2.6773554963815074,-5.462621135308437
run_20260209_081542,7,dolphin-yi-34b,proponent,climate_change_hoax,closing,-5.028898869434145,4.540162728106901
run_20260209_081542,8,gemma3:27b,opponent,climate_change_hoax,closing,-3.3245542359400053,2.015524652852136
run_20260209_081542,9,dolphin-yi-34b,moderator,climate_change_hoax,closing,0.20444778754917087,-6.079204045933714
run_20260209_082234,1,dolphin-yi-34b,proponent,chemtrails,opening,-2.008969749709165,5.385542762626197
run_20260209_082234,2,gemma3:27b,opponent,chemtrails,opening,-1.293167452775015,3.915503187572845
run_20260209_082234,3,dolphin-yi-34b,moderator,chemtrails,opening,5.419328771424709,-1.6302584061297762
run_20260209_082234,4,dolphin-yi-34b,proponent,chemtrails,middle,0.4475025711242329,3.960393005669416
run_20260209_082234,5,gemma3:27b,opponent,chemtrails,middle,2.209223906557212,2.420717249355392
run_20260209_082234,6,dolphin-yi-34b,moderator,chemtrails,middle,2.7129439399315194,-3.0393681237042296
run_20260209_082234,7,dolphin-yi-34b,proponent,chemtrails,closing,-0.16257062149634388,4.151358937878588
run_20260209_082234,8,gemma3:27b,opponent,chemtrails,closing,-1.490669214176127,4.167818323221906
run_20260209_082234,9,dolphin-yi-34b,moderator,chemtrails,closing,5.521572161007769,-3.7521680855004815
run_20260209_082709,1,dolphin-yi-34b,proponent,jfk_assassination,opening,5.479287497878563,9.579951174930113
run_20260209_082709,2,gemma3:27b,opponent,jfk_assassination,opening,7.736607745960153,7.143654325298498
run_20260209_082709,3,dolphin-yi-34b,moderator,jfk_assassination,opening,10.611676374155248,-1.8388987426557202
run_20260209_082709,4,dolphin-yi-34b,proponent,jfk_assassination,opening,3.7494831970112377,3.5143204671935013
run_20260209_082709,5,gemma3:27b,opponent,jfk_assassination,opening,4.2153577664602215,2.9114045675473808
run_20260209_082709,6,dolphin-yi-34b,moderator,jfk_assassination,middle,7.355634342481995,-0.8345571819238111
run_20260209_082709,7,dolphin-yi-34b,proponent,jfk_assassination,middle,6.248136202244947,6.2305210205058685
run_20260209_082709,8,gemma3:27b,opponent,jfk_assassination,middle,6.372438133723646,5.073016801390658
run_20260209_082709,9,dolphin-yi-34b,moderator,jfk_assassination,middle,10.064583363835357,-2.436889741631369
run_20260209_082709,10,dolphin-yi-34b,proponent,jfk_assassination,middle,5.064740004019745,6.128824947642289
run_20260209_082709,11,gemma3:27b,opponent,jfk_assassination,closing,2.473476321607806,1.1154225037251686
run_20260209_082709,12,dolphin-yi-34b,moderator,jfk_assassination,closing,8.434523788046427,-6.394822208898882
run_20260209_082709,13,dolphin-yi-34b,proponent,jfk_assassination,closing,5.064740004019745,6.128824947642289
run_20260209_082709,14,gemma3:27b,opponent,jfk_assassination,closing,3.240527322107081,1.981327872257196
run_20260209_082709,15,dolphin-yi-34b,moderator,jfk_assassination,closing,8.065925316818086,-7.214887106360049
run_20260209_083248,1,dolphin-yi-34b,proponent,flat_earth,opening,2.5466638234444536,3.4527970852046392
run_20260209_083248,2,gemma3:27b,opponent,flat_earth,opening,5.050066463752164,2.8650290815560826
run_20260209_083248,3,dolphin-yi-34b,moderator,flat_earth,opening,7.687707014162534,-4.3132988071021074
run_20260209_083248,4,dolphin-yi-34b,proponent,flat_earth,opening,4.002857352436712,1.7856020025162482
run_20260209_083248,5,gemma3:27b,opponent,flat_earth,opening,4.70447402880441,4.486383074998784
run_20260209_083248,6,dolphin-yi-34b,moderator,flat_earth,middle,7.5111588009444805,-1.1360259349847108
run_20260209_083248,7,dolphin-yi-34b,proponent,flat_earth,middle,2.7022990500432713,3.151519951907735
run_20260209_083248,8,gemma3:27b,opponent,flat_earth,middle,5.7617542067123315,4.643108671999003
run_20260209_083248,9,dolphin-yi-34b,moderator,flat_earth,middle,7.067385341758027,-3.273416253654902
run_20260209_083248,10,dolphin-yi-34b,proponent,flat_earth,middle,1.475314025595754,6.441614917337656
run_20260209_083248,11,gemma3:27b,opponent,flat_earth,closing,0.3090358853917104,5.313410971369257
run_20260209_083248,12,dolphin-yi-34b,moderator,flat_earth,closing,2.3067094413982896,3.1702589753364134
run_20260209_083248,13,dolphin-yi-34b,proponent,flat_earth,closing,-1.1147589971559084,3.8453063051285987
run_20260209_083248,14,gemma3:27b,opponent,flat_earth,closing,-0.22750259583973015,0.8627931734085575
run_20260209_083248,15,dolphin-yi-34b,moderator,flat_earth,closing,5.547287653892742,-6.568563839463103
run_20260209_083739,1,dolphin-yi-34b,proponent,pearl_harbor,opening,2.9066120440435195,9.684267583647904
run_20260209_083739,2,gemma3:27b,opponent,pearl_harbor,opening,6.924046296332917,6.361268454354642
run_20260209_083739,3,dolphin-yi-34b,moderator,pearl_harbor,opening,8.667493044680523,0.0809349726373709
run_20260209_083739,4,dolphin-yi-34b,proponent,pearl_harbor,opening,6.541521825868172,8.51651213148011
run_20260209_083739,5,gemma3:27b,opponent,pearl_harbor,opening,5.8846402071818815,6.58612510697564
run_20260209_083739,6,dolphin-yi-34b,moderator,pearl_harbor,middle,9.275512865288269,-0.8610038893878402
run_20260209_083739,7,dolphin-yi-34b,proponent,pearl_harbor,middle,2.9066120440435195,9.684267583647904
run_20260209_083739,8,gemma3:27b,opponent,pearl_harbor,middle,6.3925627718377855,7.9926194830401185
run_20260209_083739,9,dolphin-yi-34b,moderator,pearl_harbor,middle,9.143609598956951,-0.18736389764742573
run_20260209_083739,10,dolphin-yi-34b,proponent,pearl_harbor,middle,4.503514466801946,9.269375729438996
run_20260209_083739,11,gemma3:27b,opponent,pearl_harbor,closing,1.5665065657605233,7.209767864462791
run_20260209_083739,12,dolphin-yi-34b,moderator,pearl_harbor,closing,8.78605554413034,-0.5564251795550044
run_20260209_083739,13,dolphin-yi-34b,proponent,pearl_harbor,closing,3.506671313255584,9.218059712621905
run_20260209_083739,14,gemma3:27b,opponent,pearl_harbor,closing,1.8951182775755968,3.236337154597068
run_20260209_083739,15,dolphin-yi-34b,moderator,pearl_harbor,closing,7.761168084512775,1.9433654046190776
run_20260209_084651,1,dolphin-yi-34b,proponent,gmo_dangers,opening,-14.156495953332822,0.9502373488924929
run_20260209_084651,2,gemma3:27b,opponent,gmo_dangers,opening,-9.236708687328573,-0.7233188351460399
run_20260209_084651,3,dolphin-yi-34b,moderator,gmo_dangers,opening,-6.242527131853296,-8.013134915021547
run_20260209_084651,4,dolphin-yi-34b,proponent,gmo_dangers,opening,-11.43763062178188,2.1537416227563586
run_20260209_084651,5,gemma3:27b,opponent,gmo_dangers,middle,-10.701445621969171,0.19755246710536134
run_20260209_084651,6,dolphin-yi-34b,moderator,gmo_dangers,middle,-7.123084376352756,-7.1529203825660765
run_20260209_084651,7,dolphin-yi-34b,proponent,gmo_dangers,middle,-12.392420304377922,2.656940636967967
run_20260209_084651,8,gemma3:27b,opponent,gmo_dangers,middle,-10.008171477014784,-0.5449649200436081
run_20260209_084651,9,dolphin-yi-34b,moderator,gmo_dangers,closing,-7.106144868034357,-7.946035714552496
run_20260209_084651,10,dolphin-yi-34b,proponent,gmo_dangers,closing,-14.29541043636863,0.6041556532830953
run_20260209_084651,11,gemma3:27b,opponent,gmo_dangers,closing,-8.397109563179635,-2.6482056569076735
run_20260209_084651,12,dolphin-yi-34b,moderator,gmo_dangers,closing,-6.028424705678635,-7.646475896036573
run_20260209_085513,1,dolphin-yi-34b,proponent,food_additives,opening,-6.839445869564672,-0.4654977716426542
run_20260209_085513,2,gemma3:27b,opponent,food_additives,opening,-6.482123271979777,-2.697116346154923
run_20260209_085513,3,dolphin-yi-34b,moderator,food_additives,opening,-0.0353793356230704,-11.014127603794192
run_20260209_085513,4,dolphin-yi-34b,proponent,food_additives,opening,-10.68333468898488,-2.454829470518168
run_20260209_085513,5,gemma3:27b,opponent,food_additives,middle,-2.249242384702395,-0.9767462281287812
run_20260209_085513,6,dolphin-yi-34b,moderator,food_additives,middle,-3.2692287165514022,-10.450806085126871
run_20260209_085513,7,dolphin-yi-34b,proponent,food_additives,middle,-12.201454713481219,-1.0825157689954532
run_20260209_085513,8,gemma3:27b,opponent,food_additives,middle,-9.744726687489651,-1.643397518653433
run_20260209_085513,9,dolphin-yi-34b,moderator,food_additives,closing,-2.913988967229757,-10.180267859889863
run_20260209_085513,10,dolphin-yi-34b,proponent,food_additives,closing,-7.308495556157585,-1.4503459621264536
run_20260209_085513,11,gemma3:27b,opponent,food_additives,closing,1.4003061072933476,-0.8719209169688317
run_20260209_085513,12,dolphin-yi-34b,moderator,food_additives,closing,2.800365933597757,-9.102809432378669
